Kabupaten/Kota,Kode_Wilayah,Provinsi,Latitude,Longitude,IPM,Persentase_Penduduk_Miskin_2024,TPT_laki-laki,TPT_perempuan,TPT_Jumlah,TPAK_laki-laki,TPAK_perempuan,pdrb_perkapita_adhb,pdrb_perkapita_adhk,pertumbuhan_ekonomi,jumlah_penduduk,sanitasi_layak,air_minum_layak,PC1,PC2,PC3,PC4
Simeulue,11.09,Aceh,2.62759,96.17962,69.01,17.69,5.7,5.2,5.5,83.7,58.02,3150.76,1886.61,4.24,98633.0,76.51,82.79,-0.8895,-0.3234,-0.8927,0.2486
Aceh Singkil,11.10,Aceh,2.21086,97.35288,70.75,19.06,5.76,7.8,6.44,76.25,39.11,3441.08,1975.75,3.35,135684.0,63.22,79.6,-0.1846,-0.7449,-3.3924,0.5854
Aceh Selatan,11.01,Aceh,3.16632,97.40598,69.1,12.02,3.88,5.75,4.56,75.9,42.68,7466.23,4788.29,3.11,241994.0,77.96,85.87,0.1222,-1.0671,-2.3688,0.1978
Aceh Tenggara,11.02,Aceh,3.34838,97.72066,71.7,11.99,5.11,4.31,4.79,84.75,56.27,6737.89,3825.99,3.47,234430.0,64.01,91.4,-0.5389,-0.3239,-0.6482,-0.3087
Aceh Timur,11.03,Aceh,4.74335,97.70462,69.87,13.26,3.75,16.26,7.75,82.94,38.86,14935.34,9344.83,4.43,443638.0,73.59,84.43,0.5106,-0.5524,-2.0206,0.4549
Aceh Tengah,11.04,Aceh,4.59197,96.77754,75.41,14.27,2.75,6.13,4.21,87.23,67.4,10721.42,6931.25,4.75,226744.0,86.34,88.27,-0.5001,-0.3898,0.8646,-0.0976
Aceh Barat,11.05,Aceh,4.4226,96.23086,73.69,17.6,7.03,3.3,5.58,73.18,47.15,14050.99,8682.52,7.17,206822.0,91.09,96.52,0.9671,-1.5599,-1.9365,2.1642
Aceh Besar,11.06,Aceh,5.53276,95.22038,75.13,13.21,5.56,11.76,7.93,82.41,51.59,18412.05,11675.2,4.72,428254.0,90.3,90.68,1.0499,-0.9499,-1.0748,0.3025
Pidie,11.07,Aceh,5.10449,96.03468,72.31,18.59,6.01,5.27,5.74,79.09,45.64,14549.43,8977.21,3.98,452547.0,63.88,87.57,-0.0416,-0.3545,-2.2962,0.5536
Bireuen,11.11,Aceh,5.09327,96.64434,74.45,12.1,4.15,3.62,3.93,80.74,54.36,18380.99,11806.51,4.33,459073.0,88.26,90.06,0.3377,-0.8006,-0.4987,0.1764
Aceh Utara,11.08,Aceh,5.01751,97.29089,71.7,16.11,7.04,6.61,6.88,76.33,42.04,30100.23,18464.79,3.54,631984.0,80.63,94.56,1.0778,-0.791,-2.6413,0.4181
Aceh Barat Daya,11.12,Aceh,3.84601,96.82519,68.75,15.32,1.3,9.48,3.83,83.08,37.63,5367.93,3454.39,4.07,159187.0,69.39,95.12,-0.3445,-0.7011,-1.4147,0.4426
Gayo Lues,11.13,Aceh,4.04808,97.28506,69.83,18.3,1.09,4.0,2.4,87.06,71.43,3583.01,2202.73,3.16,106791.0,49.79,80.93,-2.4277,0.718,0.053,-0.4853
Aceh Tamiang,11.16,Aceh,4.29291,98.11187,72.32,12.17,4.74,10.51,6.95,85.19,53.99,11561.9,6684.88,4.23,309039.0,85.93,89.02,0.327,-0.7085,-0.5746,-0.0664
Nagan Raya,11.15,Aceh,4.20902,96.51792,71.72,16.94,4.08,7.49,5.22,84.63,43.0,12431.71,8095.62,4.19,176429.0,87.32,90.75,0.0881,-0.8107,-0.9205,0.2674
Aceh Jaya,11.14,Aceh,4.78701,95.51326,71.83,12.25,3.37,1.84,2.75,83.56,58.01,3606.65,2280.16,3.69,99200.0,82.31,87.15,-0.7206,-0.6842,-0.0301,-0.2154
Bener Meriah,11.17,Aceh,4.7912,96.93127,75.01,18.18,0.59,4.05,2.2,89.18,78.39,6520.63,4218.99,3.17,172036.0,88.05,84.98,-1.5677,0.0545,1.5979,-0.9305
Pidie Jaya,11.18,Aceh,5.1157,96.1899,75.16,18.28,2.22,6.53,3.82,76.32,43.9,4724.84,2974.56,4.35,166467.0,80.82,94.54,0.2712,-1.2984,-1.8918,0.8133
Kota Banda Aceh,11.71,Aceh,5.5739,95.31935,87.17,6.95,3.76,13.06,7.55,77.17,53.01,26025.15,18117.78,5.73,265019.0,99.39,99.05,2.6358,-2.1441,-0.8361,0.6413
Kota Sabang,11.72,Aceh,5.97122,95.1931,78.32,14.58,2.87,3.05,2.95,81.57,54.71,1861.1,1268.22,4.0,43470.0,95.9,89.92,0.0736,-1.3652,-0.1175,0.0042
Kota Langsa,11.74,Aceh,4.51276,98.01464,78.81,10.33,6.65,8.49,7.34,74.78,45.38,7323.86,4518.85,4.25,197909.0,94.3,98.06,1.8606,-2.1153,-2.0932,0.47
Kota Lhokseumawe,11.73,Aceh,5.17156,97.10325,79.55,10.44,6.93,10.82,8.47,79.44,50.25,11848.24,8211.43,4.27,200403.0,93.71,97.41,1.7766,-1.7703,-1.4277,0.1438
Kota Subulussalam,11.75,Aceh,2.76454,97.93521,68.04,16.38,5.95,3.68,5.12,85.98,50.87,2761.85,1623.25,3.95,99062.0,61.57,57.25,-1.7197,0.3579,-1.358,0.1051
Nias,12.04,Sumatera Utara,1.08804,97.74062,65.55,14.89,1.89,2.29,2.1,82.37,82.52,5304.62,2964.34,3.75,155629.0,28.1,48.88,-3.712,1.6585,-0.7929,-0.0799
Mandailing Natal,12.13,Sumatera Utara,0.75796,99.25152,69.33,8.69,5.09,10.34,7.22,77.52,51.63,20279.38,11001.61,4.61,505360.0,40.14,84.72,-0.007,-0.0297,-2.6675,0.6656
Tapanuli Selatan,12.03,Sumatera Utara,1.50203,99.2477,72.14,6.92,2.03,5.08,3.41,82.29,69.01,21276.31,11620.33,4.87,316486.0,56.26,74.84,-1.0425,0.2127,-0.1533,0.1436
Tapanuli Tengah,12.01,Sumatera Utara,1.72993,98.59673,71.52,11.8,8.15,6.56,7.45,84.62,66.75,13671.28,8084.42,3.98,394910.0,62.6,82.98,-0.4257,0.0883,-0.7994,-0.2362
Tapanuli Utara,12.02,Sumatera Utara,2.04904,99.04304,75.23,8.21,0.59,1.87,1.21,85.91,81.48,11279.15,6931.24,4.55,326993.0,89.78,92.91,-0.8266,-0.383,2.147,-0.5003
Toba Samosir,12.12,Sumatera Utara,2.42059,99.28172,76.91,8.07,1.45,0.69,1.09,88.17,77.05,10284.43,6478.13,4.62,216720.0,95.84,96.01,-0.5964,-0.6426,2.5238,-0.5786
Labuhan Batu,12.10,Sumatera Utara,2.14609,99.96174,74.18,7.84,3.35,10.43,5.9,82.82,47.66,50801.78,27924.86,4.82,520545.0,88.7,93.42,1.2714,-0.7061,-0.5642,0.2423
Asahan,12.09,Sumatera Utara,2.86436,99.5546,72.09,8.12,5.75,6.24,5.94,84.09,50.98,57457.93,31341.3,4.47,813720.0,94.74,94.6,1.2858,-0.3754,-0.1991,-0.0411
Simalungun,12.08,Sumatera Utara,3.04869,99.08538,74.97,7.72,3.86,6.84,5.17,79.95,62.63,58906.11,33052.35,4.66,1051845.0,94.97,99.09,1.482,-0.3905,-0.0209,0.0437
Dairi,12.11,Sumatera Utara,2.88572,98.20968,73.92,7.1,0.32,2.63,1.43,87.79,79.86,12693.88,7631.31,4.73,330586.0,97.18,97.62,-0.6118,-0.5048,2.5584,-0.5459
Karo,12.06,Sumatera Utara,3.12652,98.29969,76.55,7.37,1.61,3.27,2.4,89.61,78.82,28867.89,16641.17,4.05,426471.0,89.5,96.61,-0.3712,-0.1512,2.3883,-0.9459
Deli Serdang,12.07,Sumatera Utara,3.56677,98.66804,76.92,3.44,7.42,9.08,8.02,85.69,49.47,151451.4,83868.36,5.08,2048480.0,97.88,96.37,3.4581,0.9526,0.1215,-0.1652
Langkat,12.05,Sumatera Utara,3.868,98.29262,72.73,9.04,7.38,4.15,6.08,90.74,61.74,62411.48,34880.49,4.75,1078676.0,89.95,92.49,0.7687,0.5021,1.1237,-0.4271
Nias Selatan,12.14,Sumatera Utara,0.00655,98.33165,65.02,16.32,3.29,2.74,3.03,84.2,73.44,9128.45,4806.33,3.68,389957.0,15.33,69.38,-3.1542,1.7467,-1.1434,-0.007
Humbang Hasundutan,12.16,Sumatera Utara,2.24299,98.65119,71.59,8.44,1.05,0.78,0.92,88.46,84.6,8272.39,4808.86,4.57,207076.0,97.92,97.73,-1.1409,-0.3882,2.8344,-0.6305
Pakpak Bharat,12.15,Sumatera Utara,2.57792,98.25483,70.36,6.87,0.47,1.53,0.97,89.91,80.89,1718.75,1003.95,4.78,56212.0,82.96,68.97,-2.1199,0.1786,2.3284,-0.543
Samosir,12.17,Sumatera Utara,2.52724,98.71516,72.88,11.63,1.57,0.15,0.89,90.55,80.73,6100.41,3644.15,4.78,143071.0,95.68,80.38,-1.6703,-0.0396,2.6899,-0.5188
Serdang Bedagai,12.18,Sumatera Utara,3.45873,99.07286,72.47,6.97,4.09,6.18,4.88,83.95,51.5,42012.01,22883.58,4.77,691638.0,94.74,98.43,1.1124,-0.688,0.1367,0.062
Batu Bara,12.19,Sumatera Utara,3.21853,99.49602,70.83,10.94,5.23,6.59,5.75,89.52,54.6,47317.58,27614.17,3.95,437360.0,93.27,97.11,0.4882,-0.2221,0.5565,-0.4761
Padang Lawas Utara,12.20,Sumatera Utara,1.62821,99.7604,72.32,8.97,3.98,4.01,3.99,81.95,63.72,17831.27,9855.95,4.75,280595.0,75.8,82.23,-0.4103,-0.3899,-0.1615,0.1693
Padang Lawas,12.21,Sumatera Utara,1.11455,99.89029,71.27,7.87,1.86,10.38,5.47,89.15,65.86,18330.4,9659.72,4.78,280764.0,73.63,89.96,-0.4192,-0.1007,0.7773,-0.2629
Labuhan Batu Selatan,12.22,Sumatera Utara,1.83597,100.10244,73.67,7.73,2.47,4.51,3.24,87.22,55.86,41909.64,22619.57,4.66,336577.0,80.93,90.05,0.0225,-0.25,0.7127,-0.1323
Labuhan Batu Utara,12.23,Sumatera Utara,2.39286,99.74634,74.4,8.98,3.11,7.56,4.6,85.45,43.87,36582.0,20527.76,4.07,408749.0,87.15,91.5,0.7504,-0.7069,-0.2797,-0.1451
Nias Utara,12.24,Sumatera Utara,1.38102,97.25461,65.62,21.5,2.05,3.69,2.82,86.23,73.37,4790.41,2678.92,3.51,158676.0,47.5,71.72,-2.9971,1.1752,-0.3734,-0.1449
Nias Barat,12.25,Sumatera Utara,0.95752,97.42467,64.67,22.68,1.59,0.43,1.0,84.66,78.02,2531.58,1427.11,3.74,97251.0,44.59,70.95,-3.5754,1.3036,-0.1617,0.0574
Kota Sibolga,12.73,Sumatera Utara,1.73187,98.77901,75.66,11.39,8.36,4.1,6.52,80.56,61.1,7201.6,4055.3,3.77,91747.0,36.9,96.86,-0.3093,-0.3475,-1.7507,0.0385
Kota Tanjung Balai,12.74,Sumatera Utara,2.9732,99.80103,71.1,11.97,3.73,4.63,4.08,84.25,54.55,12207.74,6744.35,4.68,185647.0,96.82,91.27,0.0056,-0.937,0.1507,0.1725
Kota Pematang Siantar,12.72,Sumatera Utara,2.96714,99.05933,81.17,7.2,6.97,9.35,8.0,83.37,60.73,17351.67,10769.97,4.4,277054.0,91.99,99.74,1.607,-1.4414,-0.1531,-0.2836
Kota Tebing Tinggi,12.76,Sumatera Utara,3.3381,99.15318,77.45,8.79,6.4,5.84,6.18,82.19,51.3,7875.11,4499.55,3.26,180977.0,96.88,99.53,1.207,-1.6605,-0.5704,-0.5013
Kota Medan,12.71,Sumatera Utara,3.62441,98.66839,82.76,7.94,9.43,6.15,8.13,81.11,52.15,329609.17,182242.59,4.83,2486283.0,92.98,99.84,5.186,2.8221,-0.5608,0.0632
Kota Binjai,12.75,Sumatera Utara,3.61429,98.48566,78.1,4.75,3.39,8.69,5.44,79.67,49.12,15588.75,9322.08,4.45,307170.0,96.23,98.88,1.6091,-1.7837,-0.5573,0.0592
Kota Padangsidimpuan,12.77,Sumatera Utara,1.37633,99.28248,76.96,6.23,7.22,7.11,7.17,80.0,56.85,8576.98,5025.22,4.77,240067.0,48.42,64.99,-0.1289,-0.3019,-1.8886,0.3123
Kota Gunungsitoli,12.78,Sumatera Utara,1.26856,97.57432,71.41,14.72,3.44,3.13,3.3,81.61,61.45,7321.91,3906.89,3.69,145233.0,55.54,80.17,-1.3607,0.0224,-0.9887,0.029
Kepulauan Mentawai,13.09,Sumatera Barat,-2.42607,99.8732,63.99,13.89,1.14,1.8,1.44,86.66,80.01,6267.96,3451.93,3.82,92760.0,75.64,70.23,-2.7041,0.6316,1.0554,-0.4305
Pesisir Selatan,13.01,Sumatera Barat,-1.37628,100.53733,72.02,7.49,5.22,4.79,5.06,83.7,48.31,19112.92,11015.21,3.69,532910.0,78.93,90.0,0.4538,-0.6168,-0.6716,-0.2767
Solok,13.72,Sumatera Barat,-0.78656,100.62276,71.02,7.31,1.8,8.96,4.91,86.63,66.93,18357.09,11437.87,3.76,410430.0,62.56,81.84,-0.7591,0.2374,0.1222,-0.5759
Sijunjung,13.03,Sumatera Barat,-0.70456,101.11915,70.23,5.78,3.26,6.9,4.73,82.89,57.26,12583.86,7758.79,3.74,246780.0,74.53,72.02,-0.4746,-0.3749,-0.6427,-0.3159
Tanah Datar,13.04,Sumatera Barat,-0.46634,100.56543,74.9,4.28,4.92,5.85,5.3,83.46,58.91,17574.16,11172.45,3.71,388230.0,65.02,92.74,0.3185,-0.5491,-0.3973,-0.4693
Padang Pariaman,13.05,Sumatera Barat,-0.54976,100.21424,73.1,6.27,5.51,8.04,6.59,76.8,57.53,26947.12,14369.24,4.37,459170.0,63.73,91.77,0.721,-0.6774,-1.7446,0.3083
Agam,13.06,Sumatera Barat,-0.27526,100.14748,74.66,6.83,3.06,7.09,4.73,80.99,57.84,27961.66,16946.6,3.96,559300.0,77.0,89.68,0.5258,-0.5511,-0.5467,-0.181
Lima Puluh Kota,13.07,Sumatera Barat,0.01187,100.60468,71.14,6.92,4.22,2.98,3.68,84.1,64.3,20899.31,12932.0,3.88,401090.0,64.31,68.64,-1.004,0.2754,-0.1992,-0.3663
Pasaman,13.08,Sumatera Barat,0.38364,100.03805,68.89,6.74,4.42,6.45,5.25,84.74,58.83,12130.35,7148.27,3.8,318080.0,49.35,86.06,-0.7517,0.1026,-0.7875,-0.268
Solok Selatan,13.11,Sumatera Barat,-1.36282,101.27106,71.5,6.56,1.93,2.82,2.3,87.17,65.91,7631.73,4594.77,3.93,195030.0,56.71,79.09,-1.4681,0.1867,0.576,-0.5022
Dharmasraya,13.10,Sumatera Barat,-1.16521,101.53907,74.06,5.32,5.3,7.14,6.02,89.72,58.76,14375.13,8711.16,3.72,244030.0,85.99,70.0,-0.1609,-0.3544,0.4763,-0.8537
Pasaman Barat,13.12,Sumatera Barat,0.1977,99.54045,70.93,7.0,6.05,6.86,6.34,84.4,49.48,21049.36,13202.35,3.92,456470.0,73.49,83.07,0.3045,-0.3901,-0.9315,-0.2032
Kota Padang,13.71,Sumatera Barat,-1.01021,100.33133,83.99,4.06,8.43,12.01,9.88,80.18,54.25,83996.62,51611.55,4.45,954180.0,78.22,97.65,3.0614,-0.5416,-1.3092,-0.1263
Kota Solok,13.72,Sumatera Barat,-0.78656,100.62276,80.0,3.07,4.78,2.14,3.62,79.77,62.54,5591.15,3365.78,4.35,79460.0,92.19,97.04,0.8685,-1.7649,0.3256,-0.2125
Kota Sawah Lunto,13.73,Sumatera Barat,-0.65861,100.76022,75.13,2.33,6.39,4.43,5.55,83.7,63.35,5138.43,3195.86,3.86,68730.0,91.24,89.62,0.5129,-1.328,0.3181,-0.6156
Kota Padang Panjang,13.74,Sumatera Barat,-0.46743,100.40205,80.17,5.31,4.44,5.62,4.94,76.35,56.34,4823.34,3009.93,4.32,59450.0,79.57,98.2,1.0939,-1.8252,-1.0146,0.1662
Kota Bukittinggi,13.75,Sumatera Barat,-0.29023,100.36258,82.51,4.08,4.2,5.45,4.72,82.67,57.48,11818.66,7180.21,4.33,125020.0,89.07,99.45,1.2308,-1.674,0.3188,-0.3169
Kota Payakumbuh,13.76,Sumatera Barat,-0.22009,100.63213,80.61,5.19,4.4,5.5,4.87,80.57,60.51,9364.4,5229.45,4.34,146730.0,87.93,99.44,1.0664,-1.6287,-0.002,-0.1695
Kota Pariaman,13.77,Sumatera Barat,-0.62818,100.12061,78.88,4.26,4.31,6.71,5.32,80.54,59.2,6815.46,4200.08,4.31,98340.0,85.99,95.62,0.9521,-1.5915,-0.2375,-0.1571
Kuantan Singingi,14.09,Riau,-0.5137,101.54881,72.33,7.89,1.85,3.68,2.48,85.13,45.37,51995.69,27498.98,3.02,349251.0,86.86,86.73,0.2114,-0.3952,-0.0678,-0.5988
Indragiri Hulu,14.02,Riau,-0.68949,102.26518,71.48,6.02,1.75,4.17,2.55,85.03,44.48,60477.84,35243.19,3.61,468366.0,86.09,77.63,0.2174,-0.1071,-0.0991,-0.3726
Indragiri Hilir,14.04,Riau,-0.28563,103.36775,68.38,5.66,1.15,3.18,1.86,85.8,49.29,94985.06,52563.59,3.0,684860.0,60.86,94.83,-0.0044,0.8235,-0.0712,-0.6125
Pelalawan,14.05,Riau,0.31918,102.35019,74.08,8.49,1.7,3.04,2.13,88.4,44.74,77685.96,41670.21,4.17,414943.0,85.7,83.26,0.2519,0.1007,0.5942,-0.2617
Siak,14.08,Riau,0.79732,101.70991,75.45,5.08,3.01,7.48,4.53,86.21,46.91,121122.79,61651.5,4.19,483754.0,93.32,91.79,1.5841,-0.0396,0.296,-0.3029
Kampar,14.01,Riau,0.33141,101.00656,74.85,6.92,3.56,3.9,3.67,83.06,43.57,116424.25,59695.1,2.64,894848.0,87.82,96.0,1.6396,0.123,-0.4791,-0.7266
Rokan Hulu,14.06,Riau,0.87294,100.50606,71.82,9.62,2.12,3.93,2.73,88.42,47.03,56646.72,30042.44,2.64,593486.0,90.64,93.45,0.2938,-0.0968,0.4783,-0.9516
Bengkalis,14.03,Riau,1.63517,101.66861,75.28,6.36,5.63,6.39,5.88,85.09,44.56,175713.79,78699.63,0.92,591800.0,92.63,95.72,2.1681,0.3595,-0.7219,-1.6114
Rokan Hilir,14.07,Riau,2.11611,100.64541,71.2,7.01,3.92,5.09,4.31,85.85,44.31,102493.58,50153.11,1.66,673323.0,80.76,86.82,0.7959,0.3804,-0.6415,-1.2342
Kepulauan Meranti,14.10,Riau,0.97985,102.69746,67.92,23.15,4.54,4.45,4.51,83.36,52.09,27468.84,14536.18,3.22,213720.0,61.31,93.44,-1.0738,0.2514,-1.5294,0.1464
Kota Pekanbaru,14.71,Riau,0.56406,101.46399,82.89,3.15,4.26,5.17,4.63,80.58,53.92,171306.52,86024.52,4.4,1026671.0,96.46,99.65,3.0552,0.094,0.1706,-0.2038
Kota Dumai,14.72,Riau,1.76614,101.38322,76.19,3.14,4.91,4.16,4.66,84.75,44.8,52668.1,30877.16,4.78,333031.0,97.98,94.82,1.5371,-1.1165,0.2469,-0.0342
Kerinci,15.01,Jambi,-2.07482,101.50236,73.11,6.93,0.64,4.99,2.51,88.64,66.71,14710.02,7877.99,4.29,256700.0,66.37,76.34,-1.2366,0.1879,1.0215,-0.4924
Merangin,15.02,Jambi,-2.1733,102.09448,71.66,8.4,2.53,6.56,4.18,87.13,62.03,25546.12,12107.66,4.54,373400.0,82.03,60.74,-0.8728,0.1921,0.3708,-0.2463
Sarolangun,15.03,Jambi,-2.31857,102.64546,72.01,8.36,2.71,9.34,5.03,87.17,48.41,22892.39,13154.6,3.59,306500.0,82.34,76.41,-0.0698,-0.3621,-0.2944,-0.4851
Batang Hari,15.04,Jambi,-1.75006,103.1445,71.67,8.63,3.11,7.52,4.49,85.73,40.47,26285.56,14762.9,3.31,316600.0,85.37,84.8,0.3282,-0.6774,-0.6267,-0.4143
Muaro Jambi,15.05,Jambi,-1.61257,103.52825,71.91,3.65,1.5,12.3,5.27,89.04,50.6,40435.09,20482.01,5.95,424600.0,87.11,78.46,0.4134,-0.2946,0.6768,0.2634
Tanjung Jabung Timur,15.07,Jambi,-1.18657,104.00818,67.54,10.14,1.1,4.17,2.06,88.69,41.47,28101.36,18745.84,4.47,239000.0,74.72,87.12,-0.687,-0.0815,0.1786,0.0931
Tanjung Jabung Barat,15.06,Jambi,-1.1203,103.14364,69.93,9.54,3.28,3.05,3.2,86.55,47.76,56130.19,34506.71,4.24,335100.0,78.32,93.84,0.0694,-0.0516,0.0822,-0.0369
Tebo,15.09,Jambi,-1.30253,102.302,71.32,6.12,1.93,3.55,2.5,87.33,50.09,22794.27,12276.02,3.98,355300.0,85.89,80.71,-0.2993,-0.4054,0.5446,-0.413
Bungo,15.08,Jambi,-1.49873,101.97557,71.92,5.06,2.93,7.77,4.67,85.79,49.82,27308.22,14917.6,3.25,381300.0,86.16,81.93,0.2856,-0.5693,-0.1583,-0.6962
Kota Jambi,15.71,Jambi,-1.62602,103.59725,81.04,7.73,4.66,11.68,7.38,81.18,51.59,43842.76,22915.56,4.65,635100.0,96.72,96.06,2.138,-1.2237,-0.6302,0.0461
Kota Sungai Penuh,15.72,Jambi,-2.10653,101.35937,77.4,2.92,4.02,4.7,4.3,79.44,53.3,10292.42,5495.6,4.92,100800.0,80.56,89.5,0.7548,-1.4819,-0.5024,0.2588
Ogan Komering Ulu,16.01,Sumatera Selatan,-4.06324,104.16465,71.55,10.68,4.28,3.69,4.05,84.94,56.98,20465.17,11797.87,4.82,383039.0,82.72,82.55,-0.2943,-0.3034,0.0789,0.1493
Ogan Komering Ilir,16.02,Sumatera Selatan,-3.45225,105.22205,69.33,12.08,3.04,4.02,3.38,88.03,50.5,46649.01,27723.18,4.88,807085.0,71.19,78.41,-0.5088,0.7292,0.0872,0.1772
Muara Enim,16.03,Sumatera Selatan,-3.61591,104.0075,71.0,9.79,3.85,4.47,4.09,86.88,57.73,116724.41,55304.93,5.56,640962.0,87.77,91.18,0.6393,0.6245,0.7505,0.3425
Lahat,16.04,Sumatera Selatan,-3.85391,103.36138,69.77,14.14,2.48,4.05,3.11,85.02,60.39,29980.66,15644.96,4.86,450281.0,73.17,84.86,-0.8542,0.2344,0.0997,0.2905
Musi Rawas,16.05,Sumatera Selatan,-3.21563,103.09319,68.95,13.44,1.9,2.0,1.94,89.56,59.03,25471.85,15941.93,4.72,411787.0,74.49,91.39,-1.1092,0.3238,1.0382,-0.0157
Musi Banyuasin,16.06,Sumatera Selatan,-2.51344,103.79008,70.12,12.88,1.58,3.08,2.13,86.04,52.71,92666.87,52754.1,4.71,651950.0,87.53,86.11,0.0289,0.6403,0.4863,0.1824
Banyu Asin,16.07,Sumatera Selatan,-2.47472,104.71394,69.51,9.31,1.39,7.31,3.24,87.78,41.94,39630.12,24160.75,4.89,885902.0,76.4,81.42,-0.0116,0.3192,-0.0181,0.1898
Ogan Komering Ulu Selatan,16.09,Sumatera Selatan,-4.58544,103.88192,67.65,9.86,1.01,2.98,1.8,92.37,66.58,11908.37,6824.83,4.38,429535.0,67.47,82.6,-1.7922,0.6641,1.6104,-0.5053
Ogan Komering Ulu Timur,16.08,Sumatera Selatan,-4.07515,104.55195,71.55,9.75,3.37,3.56,3.45,89.67,63.99,21239.75,12284.09,4.87,674184.0,91.52,96.19,-0.146,-0.1314,1.5757,-0.2767
Ogan Ilir,16.10,Sumatera Selatan,-3.4059,104.61859,69.4,12.3,2.63,2.69,2.65,88.71,67.11,15274.88,8954.86,4.59,436141.0,75.67,73.69,-1.5163,0.4922,0.9536,-0.2002
Empat Lawang,16.11,Sumatera Selatan,-3.71678,102.94604,67.25,10.78,3.42,2.08,2.84,85.96,69.56,6722.01,4121.55,4.25,345641.0,70.01,69.33,-1.7989,0.443,0.3997,-0.2176
Penukal Abab Lematang Ilir,16.12,Sumatera Selatan,-3.24754,103.96504,67.48,9.82,4.24,3.04,3.72,88.09,69.85,9386.33,5529.94,4.74,205384.0,95.84,94.09,-0.7117,-0.4459,1.4414,-0.2301
Musi Rawas Utara,16.13,Sumatera Selatan,-2.67694,102.75523,67.4,17.38,4.29,5.88,4.91,83.99,55.97,9696.34,6501.31,4.32,198413.0,75.31,88.41,-0.8385,-0.2011,-0.7765,0.3124
Kota Palembang,16.71,Sumatera Selatan,-2.96123,104.7287,80.57,9.77,8.09,5.11,6.98,79.03,46.24,208196.68,124671.42,4.88,1718440.0,94.29,95.0,3.8002,1.1953,-1.0923,0.3943
Kota Prabumulih,16.74,Sumatera Selatan,-3.42708,104.20597,77.08,10.13,5.14,4.67,4.94,82.64,58.38,10533.23,6407.65,4.77,203312.0,95.84,94.94,0.6678,-1.301,0.1224,0.1034
Kota Pagar Alam,16.72,Sumatera Selatan,-4.12465,103.27637,71.19,8.18,2.18,2.55,2.34,88.35,67.43,3811.06,2681.01,4.81,149199.0,63.63,89.81,-1.3066,-0.0357,1.1204,-0.16
Kota Lubuklinggau,16.73,Sumatera Selatan,-3.24838,102.86699,76.82,11.14,6.35,3.84,5.29,82.51,59.92,8717.86,5105.06,4.42,246046.0,87.48,97.18,0.523,-1.1197,-0.1337,-0.0032
Bengkulu Selatan,17.01,Bengkulu,-4.29501,103.02654,72.35,17.1,3.64,2.7,3.25,86.53,61.98,7864.1,4169.51,4.19,173315.0,84.42,68.26,-1.3723,-0.0054,0.2124,-0.0963
Rejang Lebong,17.02,Bengkulu,-3.40811,102.69933,72.92,14.65,2.74,2.0,2.43,85.73,63.72,13066.13,7101.11,4.11,288832.0,71.81,55.6,-1.7866,0.4704,0.0373,-0.1607
Bengkulu Utara,17.03,Bengkulu,-4.12484,102.08922,71.11,10.96,2.82,2.99,2.89,86.86,56.21,12781.53,6088.15,4.24,310125.0,85.53,80.4,-0.7095,-0.3048,0.4816,-0.1981
Kaur,17.04,Bengkulu,-4.61296,103.45495,68.98,17.12,3.95,3.34,3.71,85.89,56.42,4963.57,2607.62,3.98,132659.0,87.01,79.79,-1.0864,-0.3049,-0.1214,-0.0286
Seluma,17.05,Bengkulu,-4.00472,102.70931,68.97,17.23,1.55,3.76,2.38,89.18,56.69,6344.92,3223.4,3.9,217507.0,88.75,70.46,-1.6039,0.0992,0.5621,-0.2681
Mukomuko,17.06,Bengkulu,-2.70447,101.55827,70.63,10.76,1.73,3.77,2.41,85.79,45.95,7566.42,3870.27,3.89,201700.0,85.82,75.82,-0.6911,-0.5533,-0.106,-0.1483
Lebong,17.07,Bengkulu,-3.08494,102.25033,69.27,10.45,1.81,3.79,2.55,87.7,54.66,4580.72,2421.54,4.12,111750.0,59.38,57.41,-1.9805,0.4206,-0.2094,-0.1567
Kepahiang,17.08,Bengkulu,-3.63131,102.63275,70.27,12.9,1.98,2.93,2.37,86.84,65.56,6265.45,3270.63,4.1,156353.0,69.81,61.2,-2.0007,0.3966,0.3122,-0.2437
Bengkulu Tengah,17.09,Bengkulu,-3.6892,102.40335,69.84,10.14,1.81,3.92,2.56,86.52,50.39,6781.9,3282.44,3.81,122673.0,83.17,50.44,-1.4873,-0.0523,-0.1958,-0.2866
Kota Bengkulu,17.71,Bengkulu,-3.85724,102.29638,82.04,13.76,5.23,4.69,5.0,77.73,59.29,33148.31,18609.94,5.11,397321.0,96.15,92.21,1.2216,-1.2224,-0.5775,0.5444
Lampung Barat,18.04,Lampung,-5.02077,104.22181,69.84,10.68,1.39,3.03,2.09,90.91,74.07,9903.25,5742.84,4.18,315920.0,84.4,64.37,-1.9378,0.5248,1.7373,-0.6849
Tanggamus,18.06,Lampung,-5.72892,105.00065,68.52,10.28,2.35,4.69,3.19,87.83,52.43,21197.78,12397.91,3.86,670370.0,70.82,68.48,-1.0517,0.5417,-0.0606,-0.3376
Lampung Selatan,18.01,Lampung,-5.73969,105.5729,70.28,12.57,4.25,5.86,4.84,83.37,50.67,60320.74,35077.05,4.41,1119310.0,96.4,95.52,1.0284,0.0255,-0.2481,0.1092
Lampung Timur,18.07,Lampung,-5.11704,105.67415,71.84,13.19,2.93,3.17,3.02,86.73,50.62,56851.99,32039.92,4.42,1153770.0,86.38,87.01,0.26,0.52,0.3309,-0.0483
Lampung Tengah,18.02,Lampung,-4.85729,105.3002,72.37,10.37,3.35,3.31,3.33,85.62,60.96,97092.41,55829.79,4.41,1525090.0,82.55,84.59,0.5979,1.2858,0.5681,-0.2302
Lampung Utara,18.03,Lampung,-4.79241,104.80837,69.62,16.92,3.73,9.39,5.85,82.23,50.44,31814.58,18722.4,3.93,659890.0,77.74,69.31,-0.3275,0.265,-1.5721,0.2013
Way Kanan,18.08,Lampung,-4.50113,104.67251,69.31,10.43,3.11,3.51,3.27,88.92,57.9,19221.68,11130.37,4.44,497260.0,81.38,71.4,-1.0026,0.2818,0.6284,-0.243
Tulangbawang,18.05,Lampung,-4.41889,105.51701,70.66,7.88,2.17,5.26,3.23,91.18,50.58,30499.54,18226.0,4.53,450340.0,86.97,88.55,-0.1711,-0.1315,1.1152,-0.335
Pesawaran,18.09,Lampung,-5.65476,105.21445,68.52,11.86,2.83,6.95,4.36,86.32,54.13,21667.0,13044.82,3.75,500300.0,87.85,89.8,-0.2014,-0.2466,0.0357,-0.3131
Pringsewu,18.10,Lampung,-5.33141,104.93184,72.29,8.32,3.29,6.21,4.39,89.44,56.82,15098.19,9001.24,4.38,424680.0,86.7,93.33,0.0037,-0.4482,0.9172,-0.403
Mesuji,18.11,Lampung,-4.0203,105.41441,66.46,6.31,2.58,3.36,2.85,88.42,50.84,14153.34,8004.38,4.38,241600.0,83.31,81.81,-0.7486,-0.294,0.5742,-0.2066
Tulang Bawang Barat,18.12,Lampung,-4.42133,105.08613,68.46,7.22,4.06,4.21,4.12,89.17,52.05,15594.74,9101.7,4.35,298700.0,80.85,63.16,-0.9326,0.0715,0.2334,-0.2903
Pesisir Barat,18.13,Lampung,-5.4798,104.24449,66.73,12.64,2.16,4.47,3.04,86.12,57.58,6140.88,3418.71,2.55,172320.0,84.09,73.77,-1.3773,-0.1132,-0.1193,-0.7931
Kota Bandar Lampung,18.71,Lampung,-5.4338,105.26264,79.19,7.37,7.01,8.1,7.44,79.91,52.19,79835.69,46056.34,4.74,1214330.0,89.33,99.09,2.5518,-0.3691,-0.8787,0.1541
Kota Metro,18.72,Lampung,-5.11119,105.31194,78.93,6.78,4.0,3.29,3.71,81.53,58.66,8480.49,5009.08,4.65,175710.0,99.68,96.25,0.8469,-1.6218,0.4428,-0.0336
Bangka,19.01,Kepulauan Bangka Belitung,-1.82908,105.91717,73.98,4.24,2.68,8.9,4.91,84.55,50.26,20034.99,11702.49,-0.44,342058.0,96.23,77.35,0.4411,-0.9091,-0.7056,-2.3758
Belitung,19.02,Kepulauan Bangka Belitung,-2.85,107.58862,74.47,6.11,3.16,5.22,3.88,87.1,48.6,14124.69,7638.9,1.81,191405.0,94.17,83.36,0.1927,-0.9684,0.0991,-1.4175
Bangka Barat,19.05,Kepulauan Bangka Belitung,-1.67507,105.5626,70.67,2.59,4.66,5.27,4.88,87.44,52.07,19685.7,11395.95,5.19,215818.0,91.88,84.94,0.3341,-0.8373,0.6234,-0.0188
Bangka Tengah,19.04,Kepulauan Bangka Belitung,-2.41015,106.3126,71.9,5.94,4.61,3.52,4.23,88.18,50.98,11804.46,6655.38,-0.34,210482.0,94.91,88.25,0.0317,-0.873,-0.006,-2.4385
Bangka Selatan,19.03,Kepulauan Bangka Belitung,-2.94701,106.63394,68.86,3.74,4.61,5.61,4.94,89.97,46.9,12028.43,6766.18,0.89,208491.0,91.14,78.3,-0.1655,-0.617,-0.0261,-1.9504
Belitung Timur,19.06,Kepulauan Bangka Belitung,-2.96331,108.21117,73.19,6.36,2.7,2.5,2.63,86.78,53.19,10971.93,6207.8,-0.03,132835.0,91.5,70.94,-0.6438,-0.6193,-0.0218,-2.241
Kota Pangkal Pinang,19.71,Kepulauan Bangka Belitung,-2.0989,106.11381,80.4,4.04,5.52,6.69,5.98,81.02,52.73,18941.69,10503.91,-2.35,230441.0,96.96,96.47,1.4589,-1.7061,-1.2678,-3.1502
Karimun,21.02,Kepulauan Riau,0.80185,103.5726,74.28,5.78,5.53,5.5,5.52,83.04,52.68,18330.9,10940.58,6.06,263340.0,95.91,85.89,0.8416,-1.1862,0.0402,0.6308
Bintan,21.01,Kepulauan Riau,0.91876,105.20115,76.18,5.44,3.06,7.12,4.53,84.38,50.91,30365.73,17693.69,8.16,168190.0,87.93,84.57,0.7347,-0.9814,0.5501,1.5244
Natuna,21.03,Kepulauan Riau,3.34288,108.41287,74.56,5.04,2.76,5.63,3.89,85.75,59.03,22692.67,14258.64,-3.7,85660.0,78.98,91.53,-0.1959,-0.6541,-0.6683,-3.89
Lingga,21.04,Kepulauan Riau,-0.03541,104.47523,68.19,9.99,3.43,3.27,3.38,81.3,41.72,5603.83,3357.41,4.23,102010.0,69.58,85.48,-0.4587,-0.7545,-1.3242,0.4046
Kepulauan Anambas,21.05,Kepulauan Riau,3.07943,106.14354,70.93,6.67,2.81,1.72,2.38,80.5,57.11,18005.12,10553.18,-6.01,49730.0,26.55,24.65,-3.0264,1.2366,-3.4877,-4.3151
Kota Batam,21.71,Kepulauan Riau,0.93956,103.9986,82.86,4.85,7.2,8.49,7.68,87.98,51.48,233047.77,135511.59,6.27,1276930.0,94.1,99.4,3.8609,1.3536,0.7693,0.3105
Kota Tanjung Pinang,21.72,Kepulauan Riau,0.91061,104.45144,80.63,6.86,5.16,4.02,4.69,81.03,56.96,25021.53,15894.76,3.64,237430.0,91.51,91.96,1.0642,-1.3135,-0.2117,-0.4269
Kepulauan Seribu,31.01,DKI Jakarta,-5.68042,106.57908,74.17,13.03,6.95,9.29,7.93,84.91,60.42,8102.32,3267.65,-1.1,28810.0,89.1,92.93,0.2366,-0.9825,-1.2499,-2.4982
Kota Jakarta Selatan,31.74,DKI Jakarta,-6.2705,106.80447,86.94,3.03,6.68,2.92,5.22,79.2,50.47,850142.35,500415.18,4.94,2230650.0,92.61,100.0,8.9898,7.8894,-0.0027,0.3546
Kota Jakarta Timur,31.75,DKI Jakarta,-6.25666,106.89737,84.65,4.09,6.27,7.99,6.95,78.9,50.19,631099.62,361963.59,4.28,3086010.0,97.15,100.0,7.9293,6.0153,-0.4629,-0.0934
Kota Jakarta Pusat,31.71,DKI Jakarta,-6.17522,106.83169,83.01,4.63,6.4,5.99,6.24,79.49,50.44,922004.2,532549.57,4.9,1044300.0,90.3,100.0,8.6981,8.0124,-0.4334,0.6058
Kota Jakarta Barat,31.73,DKI Jakarta,-6.15265,106.74867,83.64,3.94,6.01,6.46,6.18,79.81,48.39,627561.58,383099.58,5.02,2479570.0,94.94,100.0,7.5732,5.9033,-0.2405,0.308
Kota Jakarta Utara,31.72,DKI Jakarta,-6.10729,106.84015,81.39,6.44,5.79,6.82,6.18,83.1,52.34,669873.28,380597.39,4.14,1815610.0,91.39,99.85,6.806,6.1568,0.022,-0.1125
Bogor,32.71,Jawa Barat,-6.59028,106.79425,72.39,7.05,7.86,6.31,7.34,85.99,45.57,311727.85,185882.34,4.95,5682300.0,67.18,93.93,5.1669,5.9031,-0.4285,-0.1996
Sukabumi,32.72,Jawa Barat,-6.94335,106.91305,68.97,6.87,6.87,7.51,7.11,85.69,53.44,88142.36,55723.92,4.9,2828020.0,51.9,89.3,1.4936,2.337,-0.7809,-0.007
Cianjur,32.03,Jawa Barat,-7.07713,107.14631,67.24,10.14,6.58,4.99,5.99,88.86,55.61,64403.51,38208.18,4.89,2584990.0,63.3,91.62,0.7947,2.0569,0.0674,-0.1193
Bandung,32.73,Jawa Barat,-6.9011,107.64177,74.27,6.19,6.96,5.35,6.36,82.71,51.25,165609.36,97509.91,4.8,3753120.0,69.12,96.28,3.3327,2.8973,-0.5523,-0.0819
Garut,32.05,Jawa Barat,-7.37153,107.83166,68.79,9.68,7.65,5.87,6.96,85.54,56.48,78825.12,46270.92,4.72,2716950.0,49.99,85.37,0.9858,2.3761,-0.8786,-0.0177
Tasikmalaya,32.78,Jawa Barat,-7.36265,108.22376,68.36,10.23,4.9,1.87,3.74,83.98,53.26,49783.14,28879.68,4.43,1920920.0,54.68,86.78,0.0806,1.4525,-0.6367,0.0715
Ciamis,32.07,Jawa Barat,-7.31073,108.47413,72.56,7.39,4.7,1.46,3.37,80.8,55.64,43236.85,26360.94,4.74,1259230.0,77.12,96.42,0.7974,0.0387,-0.2101,0.1937
Kuningan,32.08,Jawa Barat,-6.99912,108.55489,71.26,11.88,8.57,6.51,7.78,80.57,50.85,35535.77,20507.27,5.31,1213930.0,84.64,97.92,1.4815,-0.2959,-1.258,0.6456
Cirebon,32.74,Jawa Barat,-6.72254,108.56943,71.44,11.0,7.43,5.56,6.74,86.46,51.86,67196.03,39418.27,5.51,2387960.0,87.92,97.12,1.8669,1.0654,0.0824,0.2327
Majalengka,32.10,Jawa Barat,-6.77736,108.22522,69.74,10.82,3.81,4.32,4.01,85.24,54.11,46302.88,27438.93,6.0,1352540.0,83.61,94.38,0.5695,0.4207,0.3767,0.6379
Sumedang,32.11,Jawa Barat,-6.82629,108.01253,73.73,9.1,7.08,4.73,6.16,83.74,54.65,47128.14,27965.76,3.89,1187130.0,77.32,96.23,1.1214,0.095,-0.5301,-0.3015
Indramayu,32.12,Jawa Barat,-6.38482,108.17797,69.83,11.93,6.58,5.69,6.25,84.71,48.21,105588.91,68701.96,2.13,1914040.0,97.27,97.39,1.9741,1.0291,-0.6416,-1.0299
Subang,32.13,Jawa Barat,-6.4269,107.76812,71.36,9.49,6.25,7.49,6.73,87.76,55.83,54946.11,33126.46,4.59,1663160.0,90.29,98.69,1.4148,0.5092,0.3643,-0.2833
Purwakarta,32.14,Jawa Barat,-6.58484,107.44978,72.65,8.41,8.57,4.98,7.34,86.62,46.19,88254.55,54142.29,4.44,1050340.0,83.01,91.02,1.617,0.4138,-0.5402,-0.1004
Karawang,32.15,Jawa Barat,-6.25753,107.28843,72.9,7.86,7.39,9.32,8.04,83.56,43.48,309842.85,194903.1,4.03,2554380.0,85.99,97.23,4.4733,3.3942,-1.0031,-0.146
Bekasi,32.75,Jawa Barat,-6.29473,106.97669,76.44,4.8,9.17,8.12,8.82,85.51,44.34,421323.53,293664.79,4.92,3273870.0,89.16,96.76,6.2592,5.1241,-0.3814,-0.0391
Bandung Barat,32.17,Jawa Barat,-6.88404,107.45909,70.03,10.49,6.59,6.92,6.7,87.12,48.84,61236.34,36793.68,4.71,1884190.0,54.02,89.25,0.7732,1.474,-0.8497,0.0669
Pangandaran,32.18,Jawa Barat,-7.6723,108.52078,69.85,8.75,1.85,1.24,1.58,91.31,69.11,15474.58,9324.31,4.87,434100.0,90.3,88.36,-1.0703,0.0636,2.2672,-0.4134
Kota Bogor,32.71,Jawa Barat,-6.59028,106.79425,78.52,6.53,7.77,8.74,8.13,83.71,50.69,61051.67,38964.67,4.9,1078350.0,71.49,99.11,2.049,-0.1366,-0.8265,0.0892
Kota Sukabumi,32.72,Jawa Barat,-6.94335,106.91305,76.85,7.2,9.08,7.07,8.34,79.54,45.67,16370.38,10303.16,4.87,365740.0,45.88,99.46,1.159,-0.8355,-2.3129,0.5796
Kota Bandung,32.73,Jawa Barat,-6.9011,107.64177,83.52,3.87,7.23,7.68,7.4,83.93,51.96,371845.62,233053.79,4.76,2528160.0,55.9,97.62,4.9453,4.2633,-0.5818,-0.0872
Kota Cirebon,32.74,Jawa Barat,-6.72254,108.56943,77.08,9.02,6.27,6.32,6.29,82.41,54.77,30540.17,19884.06,4.78,344850.0,95.38,98.23,1.3321,-1.1792,-0.2384,0.1306
Kota Bekasi,32.75,Jawa Barat,-6.29473,106.97669,83.54,4.01,8.82,6.23,7.82,80.54,50.63,129351.9,81251.61,4.94,2644060.0,99.08,98.89,4.2721,0.6689,-0.3738,-0.1132
Kota Depok,32.76,Jawa Barat,-6.38598,106.83689,82.91,2.34,6.55,5.8,6.27,78.9,46.83,94149.54,58241.86,5.19,2163640.0,98.76,99.85,3.7631,-0.171,-0.4171,0.1384
Kota Cimahi,32.77,Jawa Barat,-6.88012,107.54731,80.08,4.39,8.54,9.69,8.97,82.9,49.99,43422.59,27296.93,5.0,598700.0,76.44,99.6,2.2032,-0.949,-0.9517,0.1202
Kota Tasikmalaya,32.78,Jawa Barat,-7.36265,108.22376,75.04,11.1,5.44,8.13,6.49,83.54,54.03,29612.77,18709.87,4.96,750730.0,53.16,93.79,0.4277,0.1066,-1.0743,0.3691
Kota Banjar,63.03,Kalimantan Selatan,-3.27487,115.11609,73.64,5.85,4.64,6.71,5.44,82.35,52.16,5549.26,3883.79,5.19,209790.0,91.07,96.97,0.8469,-1.4402,-0.1879,0.3253
Cilacap,33.01,Jawa Tengah,-7.60581,108.90124,72.38,10.68,8.31,7.05,7.83,83.55,52.28,136245.8,104565.53,2.63,1742647.0,83.25,93.33,2.3394,1.5439,-1.1151,-0.7805
Banyumas,33.02,Jawa Tengah,-7.4606,109.16848,74.52,11.95,6.73,5.26,6.18,85.44,50.62,74320.29,47815.82,5.08,1741496.0,83.25,94.33,1.6327,0.761,-0.2164,0.1935
Purbalingga,33.03,Jawa Tengah,-7.34885,109.42071,70.69,14.18,6.28,3.1,4.96,86.48,62.25,33444.66,20417.23,4.37,965745.0,82.01,88.24,-0.1079,0.4279,0.2234,-0.1403
Banjarnegara,33.04,Jawa Tengah,-7.35398,109.62474,69.6,14.71,4.53,7.14,5.57,87.45,58.96,29278.8,18059.43,4.9,936603.0,52.4,91.75,-0.5361,0.8949,-0.3889,0.2353
Kebumen,33.05,Jawa Tengah,-7.67162,109.52858,71.93,15.71,5.96,3.87,5.07,88.08,66.46,38628.96,23847.86,5.11,1196430.0,93.43,87.29,0.0879,0.5818,0.918,0.003
Purworejo,33.06,Jawa Tengah,-7.66108,109.99618,75.11,10.87,2.75,5.41,3.89,84.64,62.87,24823.84,15753.02,4.62,717550.0,84.64,90.04,0.1467,-0.2161,0.4867,-0.0884
Wonosobo,33.07,Jawa Tengah,-7.4522,109.89738,69.82,15.28,2.86,5.7,4.02,87.55,61.97,25043.56,16116.16,4.41,795699.0,63.81,95.24,-0.7168,0.6174,0.2139,-0.0397
Magelang,33.71,Jawa Tengah,-7.47133,110.21694,71.99,10.83,4.13,2.8,3.55,87.51,67.9,43730.94,27538.45,4.83,1329717.0,83.77,93.27,0.1062,0.7021,1.223,-0.2289
Boyolali,33.09,Jawa Tengah,-7.39668,110.64481,75.96,9.63,3.14,3.18,3.16,84.67,65.85,45862.24,27562.18,4.48,997067.0,88.26,94.83,0.4973,0.0423,0.947,-0.2739
Klaten,33.10,Jawa Tengah,-7.68594,110.63105,78.16,12.04,3.05,5.16,3.97,84.73,64.0,55244.33,33580.87,4.92,1178097.0,97.86,99.48,1.1461,-0.0514,0.9961,-0.0675
Sukoharjo,33.11,Jawa Tengah,-7.66503,110.80601,79.3,7.47,4.1,3.02,3.65,79.64,56.92,49928.42,32188.46,4.75,913833.0,97.08,99.15,1.6196,-0.8029,0.1433,0.1104
Wonogiri,33.12,Jawa Tengah,-7.90377,111.03139,72.55,10.71,2.31,2.52,2.4,88.0,67.63,39863.14,24739.08,4.73,958207.0,96.25,96.96,0.0433,0.1621,1.769,-0.3149
Karanganyar,33.13,Jawa Tengah,-7.61464,110.99177,78.11,9.59,4.67,1.9,3.47,85.07,64.27,51123.06,31876.51,5.26,912579.0,98.54,99.64,1.0353,-0.3158,1.2916,0.012
Sragen,33.14,Jawa Tengah,-7.38025,110.98352,75.53,12.41,4.37,2.46,3.53,84.19,65.1,52423.47,32091.21,5.15,891793.0,95.71,98.45,0.679,-0.0977,0.9375,0.143
Grobogan,33.15,Jawa Tengah,-7.11838,110.83657,72.02,11.43,3.31,3.13,3.23,90.17,63.01,37520.1,23600.98,5.17,1391314.0,93.94,87.09,0.0674,0.662,1.6471,-0.1974
Blora,33.16,Jawa Tengah,-7.1094,111.41308,71.39,11.42,5.25,1.5,3.67,85.38,61.75,33230.43,19778.45,3.01,868734.0,90.81,97.02,0.1727,-0.0677,0.4725,-0.7906
Rembang,33.17,Jawa Tengah,-6.757,111.41755,72.53,14.02,3.84,1.43,2.84,87.23,61.76,25805.85,16248.02,4.84,653345.0,94.89,95.86,-0.1392,-0.1868,1.1584,-0.0106
Pati,33.18,Jawa Tengah,-6.78345,111.00539,74.1,9.17,3.98,3.71,3.87,88.61,65.08,59071.52,36787.62,4.91,1274490.0,96.33,98.32,0.8229,0.3852,1.6273,-0.3351
Kudus,33.19,Jawa Tengah,-6.78562,110.85462,77.22,7.23,3.17,3.21,3.19,83.36,67.86,128629.51,75045.07,2.75,910330.0,95.9,99.6,1.4359,0.4857,0.8941,-1.0648
Jepara,33.20,Jawa Tengah,-6.04601,110.51751,74.32,6.09,3.07,3.74,3.34,86.16,57.69,40554.95,25488.89,4.09,1330931.0,68.05,89.46,0.3556,0.5581,0.4169,-0.4725
Demak,33.21,Jawa Tengah,-6.9321,110.60004,74.57,11.89,5.24,4.02,4.75,86.06,58.56,35475.89,21907.94,4.87,1203711.0,95.13,95.99,0.8739,-0.0581,0.6535,-0.0484
Semarang,33.74,Jawa Tengah,-6.99189,110.39083,75.67,6.96,4.32,3.02,3.73,87.09,71.67,65684.64,41548.39,4.57,1107533.0,86.32,99.6,0.7232,0.4334,1.5655,-0.5188
Temanggung,33.23,Jawa Tengah,-7.24266,110.18708,71.87,8.67,2.18,2.57,2.35,87.61,68.52,28928.2,17852.53,4.78,794334.0,71.77,97.83,-0.4873,0.3385,1.3448,-0.227
Kendal,33.24,Jawa Tengah,-7.02932,110.1878,74.34,9.35,3.58,6.91,5.01,87.16,66.45,58855.38,37217.51,5.19,993265.0,83.05,97.65,0.6866,0.3714,0.9931,-0.0641
Batang,33.25,Jawa Tengah,-7.00513,109.83371,70.74,8.73,5.78,5.51,5.67,88.96,66.81,30421.79,18702.48,5.74,789933.0,65.92,96.46,-0.1142,0.4505,0.8105,0.1819
Pekalongan,33.75,Jawa Tengah,-6.89584,109.6733,71.84,8.95,3.89,2.49,3.3,87.33,65.13,30352.1,19291.18,4.83,914396.0,82.61,96.91,-0.0009,0.1544,1.1859,-0.1921
Pemalang,33.27,Jawa Tengah,-7.03049,109.40004,68.55,14.92,6.11,7.4,6.63,85.15,59.09,34922.77,21788.37,4.92,1301536.0,84.32,94.38,0.4993,0.444,-0.2814,0.2323
Tegal,33.76,Jawa Tengah,-6.86736,109.11922,70.77,6.81,6.57,8.79,7.53,82.33,64.47,47826.44,29451.96,4.88,1438798.0,87.09,98.28,1.4584,0.1275,-0.2096,-0.004
Brebes,33.29,Jawa Tengah,-7.03528,108.97701,68.46,15.6,8.52,8.07,8.35,88.09,55.38,62047.04,38563.2,4.83,1816964.0,85.85,94.66,1.1735,1.0963,-0.2952,0.0452
Kota Magelang,33.71,Jawa Tengah,-7.47133,110.21694,82.15,5.94,4.89,3.76,4.4,77.91,57.68,11826.06,7671.43,5.3,122037.0,88.55,99.93,1.3076,-1.8417,-0.2592,0.4499
Kota Surakarta,33.72,Jawa Tengah,-7.55585,110.81829,84.4,8.31,4.25,5.1,4.61,78.93,56.45,64691.67,42891.23,5.32,521116.0,85.07,99.72,1.8752,-0.9048,-0.2696,0.4557
Kota Salatiga,33.73,Jawa Tengah,-7.33352,110.49823,85.72,4.57,4.25,3.38,3.86,80.18,61.65,18080.61,11509.89,5.14,204744.0,96.28,98.98,1.5039,-1.821,0.5937,0.0636
Kota Semarang,33.74,Jawa Tengah,-6.99189,110.39083,85.25,4.03,3.58,8.68,5.82,79.92,60.24,267615.65,171014.75,5.38,1938243.0,95.83,99.87,4.5243,1.9152,0.3292,0.1416
Kota Pekalongan,33.75,Jawa Tengah,-6.89584,109.6733,77.22,6.71,5.49,4.16,4.91,85.54,66.48,14766.38,8930.31,5.08,315983.0,89.38,99.27,0.5688,-0.9601,0.9966,-0.1221
Kota Tegal,33.76,Jawa Tengah,-6.86736,109.11922,77.43,7.64,6.26,5.3,5.88,83.51,55.63,20663.25,13125.22,5.0,250892.0,92.48,99.66,1.1486,-1.2935,0.0835,0.1241
Kulon Progo,34.01,DI Yogyakarta,-7.77344,110.17252,76.14,15.62,2.11,1.9,2.01,84.69,72.66,16916.29,10426.23,4.55,459078.0,97.16,92.93,-0.4721,-0.4077,1.3476,-0.1393
Bantul,34.02,DI Yogyakarta,-7.87574,110.37997,81.74,11.66,4.23,2.88,3.62,82.77,67.15,36465.08,22964.66,4.8,1092647.0,96.46,97.96,1.1132,-0.4292,0.9149,-0.1146
Gunung Kidul,34.03,DI Yogyakarta,-8.10586,110.65131,71.89,15.18,2.96,1.18,2.16,86.6,67.51,26705.33,16506.42,4.59,795408.0,97.63,98.47,-0.302,-0.0326,1.4303,-0.14
Sleman,34.04,DI Yogyakarta,-7.76401,110.36853,85.61,7.46,4.72,3.39,4.13,82.86,63.99,63684.7,41559.54,4.93,1318086.0,96.43,95.37,1.9823,-0.2762,0.9475,-0.2224
Kota Yogyakarta,34.71,DI Yogyakarta,-7.80836,110.37462,88.77,6.26,6.4,5.13,5.8,77.43,64.19,49389.88,32964.35,4.81,461225.0,96.27,99.94,2.3751,-1.5326,-0.1119,0.0295
Pacitan,35.01,Jawa Timur,-8.2135,111.1272,70.74,13.08,1.8,1.29,1.56,90.3,82.93,20656.58,12775.82,4.16,596649.0,81.26,84.35,-1.6888,0.7504,2.2199,-0.7175
Ponorogo,35.02,Jawa Timur,-7.94618,111.51573,73.01,9.11,4.62,3.68,4.19,87.19,70.46,27047.08,16622.78,4.53,972582.0,92.57,95.57,0.2253,0.0031,1.3608,-0.4526
Trenggalek,35.03,Jawa Timur,-8.30892,111.57662,72.24,10.5,4.36,3.31,3.9,89.94,70.27,24364.74,14881.55,4.5,744358.0,84.66,81.47,-0.635,0.4179,1.418,-0.5158
Tulungagung,35.04,Jawa Timur,-8.26254,111.82849,75.09,6.28,4.64,3.4,4.12,87.99,63.29,51246.65,31703.89,4.63,1113973.0,87.76,98.62,0.8546,0.1554,1.3231,-0.46
Blitar,35.72,Jawa Timur,-8.09478,112.16485,73.09,8.16,4.72,4.85,4.77,87.26,57.41,47779.19,29493.8,4.25,1249497.0,86.16,98.66,0.9232,0.2131,0.6608,-0.4325
Kediri,35.71,Jawa Timur,-7.82332,112.02362,74.44,9.95,5.66,4.21,5.1,86.69,55.76,54649.67,33787.64,4.71,1667450.0,94.94,96.72,1.4146,0.3571,0.6548,-0.2174
Malang,35.73,Jawa Timur,-7.97148,112.62535,72.68,8.98,5.47,4.62,5.13,87.02,58.74,138423.17,79500.89,4.73,2703175.0,86.74,97.94,2.1794,2.1028,0.7664,-0.3087
Lumajang,35.08,Jawa Timur,-8.12142,113.14835,68.8,8.65,3.44,3.03,3.28,88.5,53.91,43059.45,25929.92,4.33,1147261.0,82.45,97.31,0.2253,0.4066,0.8087,-0.3124
Jember,35.09,Jawa Timur,-8.43764,113.61342,69.15,9.01,3.07,3.45,3.23,87.96,59.84,102757.71,62897.17,4.63,2584771.0,67.46,95.3,0.871,2.3527,0.8184,-0.2908
Banyuwangi,35.10,Jawa Timur,-8.49792,114.09647,73.11,6.54,4.46,3.45,4.03,88.01,62.87,108922.59,63693.57,4.47,1744814.0,86.22,97.06,1.3217,1.2802,1.2619,-0.5223
Bondowoso,35.11,Jawa Timur,-7.95355,113.93436,68.65,12.6,4.59,2.27,3.63,89.86,60.97,26543.06,15809.26,4.64,784192.0,62.1,96.54,-0.8058,0.6979,0.6865,-0.1102
Situbondo,35.12,Jawa Timur,-7.78429,114.00497,69.75,11.51,3.81,2.27,3.15,89.85,64.13,27101.63,15741.75,4.59,694081.0,62.66,95.17,-0.9046,0.6465,0.9514,-0.2167
Probolinggo,35.74,Jawa Timur,-7.76311,113.21516,68.29,16.45,3.65,2.05,3.0,88.74,58.3,45675.15,27153.09,4.6,1163859.0,66.39,96.9,-0.6108,1.1114,0.4978,0.0496
Pasuruan,35.75,Jawa Timur,-7.65025,112.91032,70.73,8.63,4.99,5.06,5.02,87.51,63.27,201665.14,125622.82,5.07,1626029.0,86.36,98.62,1.9557,2.3123,0.9961,-0.0637
Sidoarjo,35.15,Jawa Timur,-7.46739,112.7384,82.31,4.53,6.64,6.25,6.49,82.54,54.23,296887.11,169867.8,5.25,2114588.0,97.95,98.07,4.6291,2.3002,0.2851,0.053
Mojokerto,35.76,Jawa Timur,-7.47084,112.44175,75.98,9.37,3.97,3.73,3.87,87.06,60.88,113129.71,70527.65,5.03,1141516.0,91.14,97.46,1.3412,0.7812,1.1621,-0.0954
Jombang,35.17,Jawa Timur,-7.50024,112.28737,75.1,8.6,4.48,2.67,3.75,85.48,58.2,53898.91,33230.48,4.9,1345886.0,96.13,98.76,1.2081,0.0395,0.9522,-0.1137
Nganjuk,35.18,Jawa Timur,-7.57834,111.95532,74.23,10.17,3.8,3.98,3.87,84.35,55.22,36270.56,21614.91,4.7,1124247.0,90.96,99.71,0.9146,-0.2453,0.4239,-0.0017
Madiun,35.77,Jawa Timur,-7.6455,111.51821,73.74,10.63,4.63,3.94,4.34,85.4,59.73,25548.56,15593.2,4.47,765135.0,91.47,97.55,0.4976,-0.4118,0.5653,-0.1717
Magetan,35.20,Jawa Timur,-7.63061,111.38924,75.87,9.32,3.32,3.24,3.28,86.42,68.12,24577.3,15259.86,4.57,682466.0,89.99,98.56,0.2159,-0.3534,1.3479,-0.3529
Ngawi,35.21,Jawa Timur,-7.44614,111.38271,73.09,13.81,3.17,1.42,2.4,86.19,65.64,25944.84,15595.97,4.43,881393.0,82.99,97.07,-0.3197,0.1605,1.0036,-0.179
Bojonegoro,35.22,Jawa Timur,-7.20979,111.80992,71.78,11.69,4.39,4.45,4.42,88.26,59.53,101794.09,64367.43,1.64,1322474.0,96.43,96.13,0.9924,0.9872,0.605,-1.5679
Tuban,35.23,Jawa Timur,-6.98324,111.94439,71.23,14.36,4.36,4.16,4.28,89.92,59.41,87110.99,51913.41,3.72,1215795.0,85.12,96.96,0.4425,1.1048,0.8503,-0.5944
Lamongan,35.24,Jawa Timur,-7.09545,112.324,75.13,12.16,5.0,3.4,4.34,89.0,60.78,52076.88,32185.95,4.59,1386941.0,95.88,84.6,0.5945,0.5968,1.1254,-0.3887
Gresik,35.25,Jawa Timur,-6.59634,112.59689,78.45,10.32,6.26,6.75,6.45,86.8,56.37,188604.51,119274.42,4.57,1344648.0,93.22,97.65,2.7003,1.474,0.4494,-0.2279
Bangkalan,35.26,Jawa Timur,-7.0348,112.94908,66.27,18.66,5.42,5.25,5.35,84.17,57.37,28738.77,17497.5,1.9,1101556.0,50.31,98.0,-0.7149,1.0212,-1.5169,-0.7268
Sampang,35.27,Jawa Timur,-7.09866,113.23564,64.65,20.83,3.3,1.36,2.5,87.54,60.1,24881.79,14925.3,1.68,992210.0,87.24,97.66,-1.0599,0.665,0.2185,-1.0868
Pamekasan,35.28,Jawa Timur,-7.08091,113.50078,68.49,13.41,1.94,1.3,1.64,87.27,71.42,22492.18,13245.25,4.65,862009.0,72.94,96.98,-1.1329,0.6281,1.3026,-0.1187
Sumenep,35.29,Jawa Timur,-6.93676,115.20135,69.26,17.78,1.92,1.42,1.69,87.24,69.82,45222.29,27234.39,3.63,1143295.0,73.31,99.41,-0.9207,1.101,0.9842,-0.4451
Kota Kediri,35.71,Jawa Timur,-7.82332,112.02362,81.35,6.51,4.02,3.77,3.91,80.99,60.55,168748.92,94774.08,3.32,290836.0,95.39,99.73,2.1501,0.0349,0.2487,-0.576
Kota Blitar,35.72,Jawa Timur,-8.09478,112.16485,81.27,6.75,4.82,5.5,5.11,82.02,59.23,9187.7,5746.4,5.06,153541.0,95.93,99.6,1.218,-1.7072,0.3355,0.0924
Kota Malang,35.73,Jawa Timur,-7.97148,112.62535,84.06,3.91,6.24,5.89,6.1,79.5,55.86,100116.87,63373.3,5.13,847182.0,87.84,99.48,2.7373,-0.5306,-0.2907,0.1828
Kota Probolinggo,35.74,Jawa Timur,-7.76311,113.21516,76.27,6.18,4.52,4.3,4.44,82.44,53.09,15374.98,9893.27,4.9,245174.0,91.59,100.0,0.9591,-1.3983,0.1067,0.1514
Kota Pasuruan,35.75,Jawa Timur,-7.65025,112.91032,77.75,6.32,4.9,4.28,4.63,82.98,62.58,11208.17,6998.74,5.17,213450.0,95.52,99.94,0.8457,-1.4103,0.67,0.0813
Kota Mojokerto,35.76,Jawa Timur,-7.47084,112.44175,80.92,5.57,3.41,4.23,3.76,84.06,61.61,8612.33,5686.79,5.05,135414.0,98.56,99.77,0.9104,-1.6094,1.0894,-0.0957
Kota Madiun,35.77,Jawa Timur,-7.6455,111.51821,83.48,4.38,4.46,4.11,4.3,78.87,62.81,18653.19,12438.92,5.42,201460.0,95.19,100.0,1.4897,-1.7985,0.3513,0.2809
Kota Surabaya,35.78,Jawa Timur,-7.23836,112.69475,84.14,3.96,4.85,4.99,4.91,81.92,59.48,772493.61,485448.89,5.44,2893698.0,97.69,100.0,8.3943,8.1057,0.9516,0.255
Kota Batu,35.79,Jawa Timur,-7.85807,112.54122,78.79,3.06,3.93,3.19,3.63,87.33,59.65,22154.31,13588.14,4.79,218802.0,96.39,98.27,0.8254,-1.2085,1.4857,-0.4098
Pandeglang,36.01,Banten,-6.67455,105.45709,66.99,9.18,7.66,8.84,8.09,83.45,49.49,35904.68,21928.59,2.68,1325950.0,63.66,78.51,0.4619,0.6978,-1.9376,-0.6304
Lebak,36.02,Banten,-6.81843,106.18095,65.86,8.44,6.52,5.75,6.23,87.26,57.53,37631.48,23377.24,2.87,1449210.0,70.23,77.92,-0.0868,1.0939,-0.5141,-0.9082
Tangerang,36.71,Banten,-6.16866,106.65615,74.09,6.55,5.83,6.48,6.06,84.29,46.78,186104.15,113998.21,4.76,3400490.0,89.38,97.79,3.7048,2.5583,-0.0718,-0.1403
Serang,36.73,Banten,-6.13621,106.16178,69.03,4.51,8.37,10.53,9.18,83.05,51.86,102120.37,63255.33,4.56,1701800.0,85.31,94.75,2.4176,0.7372,-0.9783,-0.0617
Kota Tangerang,36.71,Banten,-6.16866,106.65615,80.02,5.43,5.57,6.49,5.92,82.13,49.79,224790.81,125060.32,4.8,1963970.0,96.93,98.04,3.8448,1.4841,-0.0321,-0.0201
Kota Cilegon,36.72,Banten,-5.96886,105.99199,75.14,3.75,5.93,6.37,6.08,78.06,43.26,137989.3,88628.11,4.62,455620.0,97.1,99.61,2.813,-0.4958,-1.1023,0.369
Kota Serang,36.73,Banten,-6.13621,106.16178,73.99,5.65,6.95,7.4,7.12,84.38,53.21,42988.41,26863.08,4.5,734870.0,92.71,99.27,1.6105,-0.7109,-0.1575,-0.1701
Kota Tangerang Selatan,36.74,Banten,-6.28215,106.69062,82.89,2.36,4.76,5.7,5.09,76.58,40.01,112213.99,73052.84,4.78,1399500.0,99.34,98.37,3.6161,-0.6142,-0.9282,0.2764
Jembrana,51.01,Bali,-8.26296,114.59188,74.6,4.51,1.69,1.35,1.53,86.78,73.49,16845.01,9965.23,4.74,255614.0,96.13,95.14,-0.2982,-0.7226,2.19,-0.4775
Tabanan,51.02,Bali,-8.41568,115.09065,78.42,4.4,1.32,2.48,1.85,83.17,67.59,27649.8,16236.0,4.7,385367.0,96.25,98.38,0.5282,-1.0188,1.4762,-0.2833
Badung,51.03,Bali,-8.60241,115.18936,83.87,2.23,2.16,1.43,1.83,83.16,68.07,75063.73,37666.7,5.61,457414.0,99.3,100.0,1.4197,-0.8825,1.9141,-0.0322
Gianyar,51.04,Bali,-8.42418,115.29194,79.82,4.0,2.32,1.59,1.98,83.7,69.46,33046.6,19896.35,5.18,426078.0,99.52,99.55,0.7477,-1.0248,1.8005,-0.1724
Klungkung,51.05,Bali,-8.73275,115.51013,74.04,5.3,1.22,1.25,1.23,82.89,71.58,11015.49,6348.54,4.83,165490.0,99.23,99.02,-0.1382,-1.143,1.66,-0.1607
Bangli,51.06,Bali,-8.28818,115.34805,71.34,5.06,1.24,0.15,0.74,88.02,76.49,8465.6,4876.68,4.34,208513.0,92.49,96.07,-0.9403,-0.5081,2.4403,-0.6809
Karangasem,51.07,Bali,-8.44432,115.54558,69.74,6.52,1.7,1.56,1.63,87.41,80.11,20210.33,11663.31,4.15,386393.0,91.31,99.5,-0.8162,-0.1963,2.2353,-0.7181
Buleleng,51.08,Bali,-8.18833,114.8636,74.52,5.39,2.59,1.46,2.06,84.77,74.78,41387.75,24453.82,4.79,632699.0,93.79,94.36,0.0878,-0.2367,1.7881,-0.3511
Kota Denpasar,51.71,Bali,-8.69899,115.22195,85.22,2.59,1.96,2.31,2.11,78.8,60.5,65300.21,38001.22,5.25,602318.0,99.01,99.96,1.9403,-1.2298,0.8677,0.1272
Lombok Barat,52.01,Nusa Tenggara Barat,-8.821,115.98039,70.67,12.65,2.61,2.94,2.75,87.97,64.47,19159.98,11723.12,2.93,765000.0,79.62,94.92,-0.6676,0.2399,0.8258,-0.9109
Lombok Tengah,52.02,Nusa Tenggara Barat,-8.8838,116.25481,69.17,12.07,3.19,1.76,2.55,86.88,71.38,22604.87,13624.03,3.23,1109800.0,85.31,94.66,-0.6152,0.4908,1.1514,-0.8608
Lombok Timur,52.03,Nusa Tenggara Barat,-8.73879,116.55118,69.23,14.51,2.35,2.75,2.53,86.95,69.94,26292.68,16160.3,4.03,1414500.0,87.98,96.17,-0.4259,0.7034,1.2288,-0.4553
Sumbawa,52.04,Nusa Tenggara Barat,-8.6001,117.56838,70.55,12.87,3.17,2.05,2.67,83.45,64.46,18517.44,11269.83,3.02,536600.0,89.4,95.75,-0.4073,-0.3344,0.3515,-0.6181
Dompu,52.05,Nusa Tenggara Barat,-8.56427,118.23047,70.78,11.59,3.19,2.12,2.7,86.66,73.96,9064.03,5479.92,3.49,250900.0,84.63,98.85,-0.9102,-0.3059,1.2487,-0.7137
Bima,52.72,Nusa Tenggara Barat,-8.44817,118.7669,68.94,13.88,1.52,3.04,2.19,86.81,69.23,14756.77,8884.21,2.74,543500.0,87.9,97.13,-0.9431,0.0005,1.0143,-0.9355
Sumbawa Barat,52.07,Nusa Tenggara Barat,-8.78657,116.8548,73.86,12.23,3.12,3.07,3.1,87.81,63.59,36564.87,20458.11,10.72,155500.0,98.09,94.73,0.0642,-0.566,2.2448,2.5238
Lombok Utara,52.08,Nusa Tenggara Barat,-8.37884,116.17313,67.24,23.96,1.8,1.93,1.85,91.84,69.91,5982.72,3699.96,4.1,261600.0,85.88,95.02,-2.0604,0.4566,1.5628,-0.2482
Kota Mataram,52.71,Nusa Tenggara Barat,-8.58291,116.09947,80.6,8.0,5.28,4.29,4.85,82.48,61.41,24200.34,15182.76,3.96,445000.0,89.72,98.77,1.0715,-1.0835,0.2141,-0.4033
Kota Bima,52.72,Nusa Tenggara Barat,-8.44817,118.7669,78.04,8.12,3.22,3.33,3.27,82.15,64.58,5313.65,3302.3,3.88,163600.0,93.63,99.57,0.3867,-1.371,0.5965,-0.4091
Sumba Barat,53.12,Nusa Tenggara Timur,-9.69318,119.32416,66.06,26.52,2.25,4.34,3.21,81.47,72.69,3007.18,1613.03,3.62,155013.0,60.76,84.0,-2.4117,0.5856,-0.9549,0.2858
Sumba Timur,53.11,Nusa Tenggara Timur,-10.01529,120.03071,67.68,27.04,3.42,3.52,3.46,81.34,67.17,7807.37,4397.7,3.51,259261.0,65.88,73.31,-2.2113,0.6246,-1.2608,0.2733
Kupang,53.71,Nusa Tenggara Timur,-10.21042,123.61355,66.57,21.37,2.68,4.39,3.36,82.91,55.44,10075.06,5388.81,3.45,380212.0,73.34,90.16,-1.2303,0.0691,-0.9537,0.1218
Timor Tengah Selatan,53.02,Nusa Tenggara Timur,-9.73255,124.41064,64.36,24.68,3.0,2.23,2.63,93.2,81.81,10212.51,5372.48,3.26,481281.0,70.72,75.48,-3.1204,1.6033,1.3837,-0.7666
Timor Tengah Utara,53.03,Nusa Tenggara Timur,-9.3969,124.52964,65.83,20.89,1.35,2.33,1.82,86.81,78.52,5161.12,3225.46,3.15,275439.0,80.84,92.51,-2.1799,0.4333,0.9849,-0.5587
Belu,53.04,Nusa Tenggara Timur,-9.16516,124.95941,64.43,13.86,4.22,6.92,5.41,89.36,70.44,5932.72,3362.18,3.83,235709.0,85.78,86.36,-1.2789,0.1164,0.6924,-0.5164
Alor,53.05,Nusa Tenggara Timur,-8.32827,124.33266,63.82,19.87,1.79,2.77,2.27,84.31,78.13,3988.08,2288.24,4.16,225020.0,85.83,87.28,-2.0905,0.2519,0.6885,0.0195
Lembata,53.13,Nusa Tenggara Timur,-8.32571,123.56549,66.62,24.22,2.15,2.2,2.18,88.57,79.08,2289.97,1283.82,3.24,143345.0,88.61,96.72,-2.1651,0.2726,1.2924,-0.5501
Flores Timur,53.06,Nusa Tenggara Timur,-8.3583,122.98653,66.29,11.25,3.34,3.84,3.58,81.56,67.42,6449.47,3798.16,2.82,292523.0,96.98,99.8,-0.4215,-0.8011,0.1268,-0.6329
Sikka,53.07,Nusa Tenggara Timur,-8.54453,122.27444,67.41,11.89,1.78,2.96,2.33,82.23,66.47,6763.28,3765.96,3.88,340327.0,85.35,93.95,-0.878,-0.4307,0.3015,-0.1431
Ende,53.08,Nusa Tenggara Timur,-8.63833,121.77211,69.11,22.57,1.97,2.14,2.05,82.04,72.86,7895.66,4624.57,3.86,281371.0,92.69,97.64,-1.281,-0.2618,0.3977,0.0614
Ngada,53.09,Nusa Tenggara Timur,-8.46754,121.0237,69.52,11.87,3.39,1.96,2.68,89.36,83.57,4472.09,2583.19,3.53,174088.0,86.56,97.2,-1.4435,-0.0589,2.0254,-0.9509
Manggarai,53.10,Nusa Tenggara Timur,-8.5854,120.37159,67.28,19.01,1.21,1.12,1.17,88.28,78.04,5923.14,3399.33,3.79,334464.0,66.26,95.54,-2.303,0.6739,1.2621,-0.3776
Rote Ndao,53.14,Nusa Tenggara Timur,-10.72956,123.1502,64.59,25.78,2.35,2.52,2.42,82.42,61.14,3915.98,2169.04,3.11,152950.0,85.16,82.48,-1.9632,0.0766,-0.7419,0.0648
Manggarai Barat,53.15,Nusa Tenggara Timur,-8.60161,119.6972,66.65,16.74,3.59,3.32,3.47,83.81,69.56,4603.61,2629.6,4.7,276284.0,82.03,89.72,-1.2841,-0.0922,0.244,0.2688
Sumba Tengah,53.17,Nusa Tenggara Timur,-9.71065,119.62842,64.31,30.84,1.08,2.94,1.89,83.82,69.1,1527.18,839.52,3.58,92354.0,52.51,59.59,-3.6954,1.3735,-1.1327,0.3733
Sumba Barat Daya,53.18,Nusa Tenggara Timur,-9.6049,119.16738,64.27,27.2,3.58,1.45,2.64,86.28,70.78,4895.26,2618.85,3.74,328771.0,52.6,86.12,-2.8285,1.1602,-0.3672,0.1571
Nagekeo,53.16,Nusa Tenggara Timur,-8.64158,121.29491,67.72,12.3,2.19,2.14,2.17,85.11,67.33,2868.44,1541.11,3.06,168355.0,83.52,93.46,-1.2294,-0.3588,0.6125,-0.6509
Manggarai Timur,53.19,Nusa Tenggara Timur,-8.53565,120.72202,64.2,24.9,0.73,0.25,0.51,88.16,78.47,4255.1,2326.65,3.74,296174.0,55.75,88.18,-3.2814,1.2664,0.8099,-0.1251
Sabu Raijua,53.20,Nusa Tenggara Timur,-10.58569,121.75656,59.58,28.13,3.68,4.38,3.99,82.85,71.68,1772.41,867.23,4.49,94787.0,83.51,72.95,-2.6597,0.5867,-0.6921,0.6694
Malaka,53.21,Nusa Tenggara Timur,-9.51963,124.83587,62.73,13.92,1.19,2.02,1.58,76.63,67.68,3769.89,2126.01,3.0,193510.0,73.7,90.98,-1.5719,-0.296,-0.9117,-0.0373
Kota Kupang,53.71,Nusa Tenggara Timur,-10.21042,123.61355,81.08,8.24,7.9,9.62,8.6,79.1,54.86,30863.63,18722.14,4.55,474801.0,91.69,93.68,2.0442,-1.3788,-1.2211,0.1191
Sambas,61.01,Kalimantan Barat,1.45427,109.37553,69.31,6.53,5.16,4.74,4.99,85.2,59.91,28563.06,16001.51,4.53,654912.0,93.68,95.38,0.4766,-0.4713,0.4977,-0.1928
Bengkayang,61.07,Kalimantan Barat,0.89735,109.29885,70.3,6.0,3.04,2.41,2.81,86.85,56.88,12237.93,6755.97,4.53,303422.0,84.37,86.41,-0.436,-0.4976,0.7798,-0.2104
Landak,61.08,Kalimantan Barat,0.44497,109.70595,69.08,8.98,2.23,2.19,2.22,85.61,56.55,14967.02,8351.06,4.35,419092.0,66.28,71.64,-1.2773,0.2646,0.0246,-0.0512
Mempawah,61.02,Kalimantan Barat,0.3732,109.08935,68.56,4.83,6.91,6.56,6.78,88.88,56.54,12512.59,6412.73,6.21,316728.0,80.8,90.19,0.1747,-0.5012,0.518,0.4233
Sanggau,61.03,Kalimantan Barat,0.37787,110.40096,68.43,4.67,3.96,3.27,3.71,87.44,54.67,26523.74,15328.48,3.97,510412.0,73.57,82.66,-0.4106,0.043,0.2955,-0.4536
Ketapang,61.04,Kalimantan Barat,-1.97261,110.39193,69.42,8.5,6.33,6.44,6.36,89.57,41.81,39117.19,21070.69,4.66,599890.0,83.89,69.49,0.1859,0.1208,-0.3868,-0.0492
Sintang,61.05,Kalimantan Barat,0.03922,111.97775,69.42,8.03,3.33,2.15,2.85,85.87,63.22,20484.66,11216.5,4.66,443684.0,80.06,73.21,-0.9464,0.1106,0.5856,-0.1059
Kapuas Hulu,61.06,Kalimantan Barat,0.90136,112.88697,68.58,7.4,2.3,2.01,2.18,86.15,65.25,14341.78,7457.75,4.53,265772.0,74.44,67.25,-1.5092,0.2104,0.6374,-0.1764
Sekadau,61.09,Kalimantan Barat,-0.02065,110.97162,67.25,5.66,2.35,2.07,2.24,90.71,61.41,9431.98,5117.39,4.63,222510.0,72.69,60.12,-1.8469,0.4436,1.0862,-0.3673
Melawi,61.10,Kalimantan Barat,-0.63442,111.68857,68.66,10.62,2.48,2.3,2.41,88.96,60.51,7234.13,4021.65,4.54,243250.0,71.38,51.24,-2.0888,0.5954,0.4604,-0.167
Kayong Utara,61.11,Kalimantan Barat,-1.37503,109.33344,65.74,8.84,3.14,2.83,3.02,86.82,55.67,5831.21,3019.94,4.32,135087.0,73.0,98.26,-0.8663,-0.4132,0.353,-0.0611
Kubu Raya,61.12,Kalimantan Barat,-0.51783,109.48587,70.25,4.08,6.77,6.63,6.73,87.66,43.07,41725.56,21794.06,4.75,649866.0,77.94,92.84,1.0161,-0.3423,-0.3473,-0.0382
Kota Pontianak,61.71,Kalimantan Barat,-0.02011,109.34557,81.57,4.2,8.61,7.81,8.29,78.59,50.68,51349.89,28784.47,4.79,680852.0,96.5,98.54,2.7715,-1.4516,-1.0408,0.1488
Kota Singkawang,61.72,Kalimantan Barat,0.89749,109.0602,73.87,4.53,8.29,7.3,7.92,81.13,50.46,14015.4,8084.58,4.82,249998.0,89.23,91.96,1.3602,-1.4396,-1.0159,0.2056
Kotawaringin Barat,62.01,Kalimantan Tengah,-2.38035,111.72787,74.44,4.11,4.39,4.47,4.42,88.89,47.87,31198.44,16071.8,3.89,282790.0,92.0,88.9,0.6182,-0.8098,0.642,-0.6354
Kotawaringin Timur,62.02,Kalimantan Tengah,-2.25018,112.74188,72.66,5.66,1.48,11.74,4.63,85.63,40.77,37982.25,20764.66,3.8,448180.0,75.67,83.59,0.5063,-0.4182,-0.6444,-0.2741
Kapuas,62.03,Kalimantan Tengah,-1.88771,114.30104,71.32,5.25,4.11,2.74,3.61,88.1,53.9,25171.02,13418.88,4.66,430180.0,63.31,67.14,-0.8349,0.3333,0.1405,-0.1603
Barito Selatan,62.04,Kalimantan Tengah,-1.75071,115.01961,72.36,4.83,4.97,2.69,4.12,84.54,52.58,8863.62,4972.06,4.4,135910.0,64.3,59.88,-0.8598,-0.196,-0.6334,-0.0706
Barito Utara,62.05,Kalimantan Tengah,-0.77635,115.17582,72.31,5.67,2.73,7.98,4.71,84.87,55.61,14041.9,8418.21,4.79,162630.0,73.32,75.34,-0.3277,-0.4566,-0.2003,0.0427
Sukamara,62.08,Kalimantan Tengah,-2.47222,111.16212,69.85,4.14,2.81,8.86,4.95,85.39,52.27,6495.65,3526.85,3.72,67810.0,81.2,89.48,0.0089,-0.9541,-0.151,-0.4463
Lamandau,62.09,Kalimantan Tengah,-1.73892,111.36627,72.25,3.25,2.09,5.24,3.17,87.99,53.78,8262.63,4429.39,3.47,103670.0,79.34,70.34,-0.6875,-0.4756,0.4451,-0.7919
Seruyan,62.07,Kalimantan Tengah,-1.89713,112.08972,69.05,7.08,2.61,5.31,3.47,89.33,48.06,12586.14,6746.41,2.85,174320.0,79.33,70.99,-0.8851,-0.1864,0.0684,-0.9048
Katingan,62.06,Kalimantan Tengah,-1.98316,113.06503,70.7,5.26,3.62,7.32,4.88,85.96,47.82,11671.21,5960.2,4.44,171860.0,79.43,83.07,0.0155,-0.7496,-0.2477,-0.0821
Pulang Pisau,62.11,Kalimantan Tengah,-2.54247,113.96543,70.27,4.56,1.37,3.15,1.99,90.03,53.13,7651.99,4118.85,4.17,139510.0,67.87,85.05,-0.9973,-0.2308,0.9149,-0.464
Gunung Mas,62.10,Kalimantan Tengah,-0.81882,113.51234,72.73,5.68,2.36,4.69,3.12,87.72,47.35,9761.74,4412.22,4.29,145530.0,84.83,64.49,-0.586,-0.5202,0.24,-0.2859
Barito Timur,62.13,Kalimantan Tengah,-1.96681,115.2305,73.26,6.66,3.71,2.65,3.26,87.71,68.91,10875.52,6081.22,3.69,118760.0,91.74,72.46,-0.8398,-0.397,1.1879,-0.8367
Murung Raya,62.12,Kalimantan Tengah,0.04134,114.22564,70.03,6.58,2.47,3.91,2.9,82.49,37.92,11834.1,7080.08,4.75,118440.0,63.69,60.7,-0.8013,-0.3497,-1.3547,0.4973
Kota Palangka Raya,62.71,Kalimantan Tengah,-1.98066,113.79006,82.2,3.52,5.8,3.73,5.02,82.15,49.37,26240.03,13307.76,6.18,310110.0,91.96,99.46,1.7997,-1.6766,0.216,0.6067
Tanah Laut,63.01,Kalimantan Selatan,-3.75368,114.90093,71.43,3.74,3.54,3.26,3.43,88.96,56.4,21254.1,12164.4,4.77,364980.0,74.12,72.54,-0.6235,0.0118,0.7464,-0.2754
Kota Baru,63.02,Kalimantan Selatan,-3.48321,116.13877,70.61,4.45,6.16,5.81,6.05,85.02,45.25,37119.76,20538.67,5.03,343680.0,73.12,71.5,0.2591,-0.2361,-0.8429,0.2548
Banjar,63.03,Kalimantan Selatan,-3.27487,115.11609,71.87,2.36,2.53,2.99,2.71,86.42,55.45,24042.01,13828.33,4.53,600640.0,83.18,68.89,-0.3148,-0.1045,0.6498,-0.336
Barito Kuala,63.04,Kalimantan Selatan,-3.075,114.59833,68.84,4.36,3.42,3.4,3.41,88.92,57.66,11349.61,6727.69,4.78,330990.0,57.71,57.63,-1.5609,0.5623,0.2289,-0.1709
Tapin,63.05,Kalimantan Selatan,-2.96482,115.18633,72.51,3.33,4.69,2.55,3.86,83.28,53.03,14402.15,7587.87,4.65,198870.0,80.86,83.79,0.1194,-0.8917,-0.0583,0.0014
Hulu Sungai Selatan,63.06,Kalimantan Selatan,-2.7534,115.28154,71.21,3.38,2.19,2.01,2.11,87.24,64.32,9897.43,5578.08,4.89,238780.0,84.45,69.89,-0.9757,-0.2603,1.256,-0.2682
Hulu Sungai Tengah,63.07,Kalimantan Selatan,-2.61152,115.53306,70.69,5.81,3.53,2.76,3.2,85.5,63.51,9365.85,5652.78,4.72,268750.0,86.68,86.12,-0.4353,-0.5784,0.8505,-0.157
Hulu Sungai Utara,63.08,Kalimantan Selatan,-2.43676,115.17537,68.28,5.75,3.89,3.51,3.73,84.75,63.09,6617.77,3871.97,4.22,237110.0,97.7,85.99,-0.3115,-0.807,0.7071,-0.3386
Tabalong,63.09,Kalimantan Selatan,-1.84792,115.49696,74.41,5.64,4.1,2.54,3.44,85.03,63.08,32643.48,17320.79,4.64,266890.0,93.13,77.71,-0.0345,-0.5225,0.82,-0.2418
Tanah Bumbu,63.10,Kalimantan Selatan,-3.34868,115.72768,72.95,3.41,6.38,6.36,6.37,87.02,46.8,35709.24,18594.28,4.6,342360.0,92.42,64.37,0.5404,-0.5066,-0.2263,-0.2209
Balangan,63.11,Kalimantan Selatan,-2.28761,115.62406,71.34,4.87,3.1,2.15,2.69,86.86,66.81,21764.18,10821.6,3.98,138120.0,96.06,84.75,-0.4493,-0.6093,1.3851,-0.6631
Kota Banjarmasin,63.71,Kalimantan Selatan,-3.32622,114.59681,79.05,4.58,8.3,3.98,6.56,77.16,50.93,45666.21,26741.33,5.33,668760.0,87.56,99.53,2.1966,-1.2719,-1.0537,0.5569
Kota Banjar Baru,63.72,Kalimantan Selatan,-3.47449,114.80437,80.51,3.79,4.08,6.25,4.93,81.87,52.65,14517.74,7776.93,6.28,273470.0,89.54,76.06,0.9408,-1.2902,-0.0205,0.6539
Paser,64.01,Kalimantan Timur,-1.77151,116.11714,74.7,8.63,3.23,7.27,4.53,89.43,46.22,55438.24,38909.1,3.64,287000.0,85.95,72.31,0.1992,0.0305,0.1335,-0.5869
Kutai Barat,64.07,Kalimantan Timur,-0.458,115.7421,74.5,9.56,7.18,2.85,5.58,83.77,55.1,39689.61,25652.15,7.03,178700.0,94.28,85.92,0.7219,-0.7862,0.2068,1.1326
Kutai Kartanegara,64.02,Kalimantan Timur,-0.42493,117.14433,75.91,7.28,3.8,4.75,4.11,83.85,44.86,204698.39,143008.83,5.32,789800.0,89.24,86.76,2.3733,1.3729,-0.0592,0.4653
Kutai Timur,64.08,Kalimantan Timur,0.98025,117.56762,75.53,8.81,5.06,7.39,5.76,86.25,43.71,159497.23,114943.0,8.94,463000.0,89.51,73.58,1.8282,0.9558,0.2235,2.0109
Berau,64.03,Kalimantan Timur,1.86044,117.99996,76.66,5.08,4.34,6.89,5.15,86.02,46.32,50816.51,33868.49,6.79,261800.0,90.04,89.17,1.2393,-0.807,0.4119,0.8586
Penajam Paser Utara,64.09,Kalimantan Timur,-1.10023,116.68013,73.9,6.69,2.14,1.91,2.05,88.5,56.79,23328.26,12570.74,23.48,267700.0,88.69,84.25,0.2555,-0.6444,4.0824,8.1041
Mahakam Ulu,64.11,Kalimantan Timur,0.64725,114.85693,70.35,10.75,2.65,2.3,2.51,81.17,57.98,3773.97,1919.65,3.47,34200.0,75.8,52.45,-1.6008,-0.1775,-0.8699,-0.1865
Kota Balikpapan,64.71,Kalimantan Timur,-1.16106,116.82332,82.24,2.23,5.99,6.59,6.22,80.33,52.71,153567.1,100191.74,3.13,717200.0,96.28,99.5,3.2044,-0.1451,-0.4241,-0.7245
Kota Samarinda,64.72,Kalimantan Timur,-0.5014,117.18728,82.81,4.3,5.01,6.97,5.75,80.87,49.7,98415.97,58247.55,7.97,858100.0,94.8,97.5,2.8124,-0.6679,0.2283,1.4534
Kota Bontang,64.74,Kalimantan Timur,0.10928,117.50933,82.42,3.74,6.99,7.18,7.06,84.11,50.72,68418.31,41563.91,-2.57,188300.0,90.47,99.73,1.9939,-1.1123,-1.1661,-3.3801
Malinau,65.02,Kalimantan Utara,2.5799,115.65551,73.9,6.94,3.59,2.26,3.1,86.54,57.83,18088.22,9244.98,3.42,86523.0,89.29,72.6,-0.5228,-0.5604,0.513,-0.7273
Bulungan,65.01,Kalimantan Utara,2.97171,117.28844,73.34,8.76,3.98,4.99,4.33,87.8,53.51,25768.88,13687.01,3.78,160241.0,94.91,73.67,-0.1613,-0.5257,0.3867,-0.5437
Tana Tidung,65.04,Kalimantan Utara,3.57128,117.33583,70.08,4.47,3.81,3.42,3.67,87.49,58.41,9438.85,4473.03,5.84,28161.0,96.03,94.4,-0.0195,-1.0751,1.3102,0.2582
Nunukan,65.03,Kalimantan Utara,4.00386,116.80418,68.52,5.73,2.78,2.59,2.71,90.74,58.03,40500.19,18661.01,3.91,210937.0,76.42,93.13,-0.6406,0.0309,1.2261,-0.6448
Kota Tarakan,65.71,Kalimantan Utara,3.34744,117.5756,77.96,5.56,5.37,4.59,5.11,81.88,44.0,56126.52,27112.12,5.4,253916.0,84.64,99.23,1.5964,-1.1711,-0.4821,0.5246
Bolaang Mongondow,71.01,Sulawesi Utara,0.7337,124.00902,70.29,7.74,4.08,5.28,4.48,86.06,48.52,11509.33,6683.66,5.06,257270.0,79.01,90.16,-0.0075,-0.6732,-0.057,0.2601
Minahasa,71.02,Sulawesi Utara,1.32664,124.80546,77.74,6.53,6.86,7.81,7.22,79.84,49.54,24046.51,14265.62,5.2,353540.0,89.37,91.5,1.6029,-1.4007,-1.0408,0.4574
Kepulauan Sangihe,71.03,Sulawesi Utara,3.55288,125.60593,72.71,10.84,2.52,2.47,2.5,80.64,45.18,6169.06,3748.34,5.05,142850.0,82.68,91.96,0.0128,-1.1612,-0.5969,0.6677
Kepulauan Talaud,71.04,Sulawesi Utara,4.34734,126.81749,71.77,8.17,3.06,3.07,3.06,80.4,57.74,3097.95,1932.15,4.57,98300.0,93.11,92.61,0.0079,-1.2961,-0.0201,0.193
Minahasa Selatan,71.05,Sulawesi Utara,1.14094,124.52623,74.17,8.97,3.02,8.05,4.79,84.0,48.62,12603.99,7483.66,5.28,241260.0,90.25,96.16,0.6704,-1.1941,-0.0707,0.4125
Minahasa Utara,71.06,Sulawesi Utara,1.63345,125.00566,75.89,6.95,6.62,6.96,6.73,82.7,43.66,20381.67,11457.69,4.95,233470.0,86.72,97.29,1.3907,-1.4117,-0.8408,0.3298
Bolaang Mongondow Utara,71.08,Sulawesi Utara,0.85977,123.34573,69.32,7.88,4.17,3.97,4.1,84.19,49.42,3544.12,2045.96,4.87,87200.0,72.1,91.14,-0.3202,-0.7802,-0.416,0.332
Siau Tagulandang Biaro,71.09,Sulawesi Utara,2.36313,125.39296,70.31,8.32,1.49,2.63,1.94,83.78,55.19,3390.53,1953.79,4.7,73920.0,96.56,97.34,-0.2096,-1.2211,0.7052,0.1154
Minahasa Tenggara,71.07,Sulawesi Utara,0.93838,124.79042,72.66,11.72,2.16,3.73,2.76,87.19,57.93,7354.83,4407.39,5.1,120440.0,93.12,93.41,-0.3887,-0.8046,1.0356,0.1397
Bolaang Mongondow Selatan,71.11,Sulawesi Utara,0.44805,124.07184,67.14,11.33,0.99,5.75,2.51,87.3,44.36,2974.36,1617.98,5.01,72900.0,73.31,89.09,-0.9358,-0.4686,0.0042,0.4265
Bolaang Mongondow Timur,71.10,Sulawesi Utara,0.68325,124.55681,68.53,5.87,3.22,10.56,5.35,85.46,37.76,4170.2,2258.59,4.89,92220.0,74.08,94.1,0.2826,-1.0597,-0.808,0.3644
Kota Manado,71.71,Sulawesi Utara,1.56388,124.80962,80.63,5.43,7.89,10.0,8.73,76.34,50.09,53015.01,30648.17,5.24,460430.0,92.74,97.28,2.6809,-1.5503,-1.5898,0.5768
Kota Bitung,71.72,Sulawesi Utara,1.47221,125.23239,75.71,6.27,8.14,6.47,7.51,82.61,52.39,24752.02,13893.82,4.86,234970.0,91.73,95.31,1.3988,-1.3279,-0.5714,0.1398
Kota Tomohon,71.73,Sulawesi Utara,1.32834,124.81434,78.89,5.38,7.58,8.11,7.79,76.36,50.92,5879.93,3726.48,4.53,103950.0,95.89,98.21,1.9536,-2.2266,-1.4688,0.2785
Kota Kotamobagu,71.74,Sulawesi Utara,0.72472,124.30797,75.27,5.12,5.29,6.42,5.72,86.25,55.52,5214.65,2914.84,5.02,129070.0,74.15,97.37,0.4324,-1.0204,0.1783,0.0096
Banggai Kepulauan,72.07,Sulawesi Tengah,-1.43598,123.18017,67.43,12.32,1.76,1.26,1.55,84.89,61.84,5377.32,3105.15,3.88,124580.0,79.52,95.78,-1.1995,-0.4009,0.5404,-0.1699
Banggai,72.01,Sulawesi Tengah,-0.79868,122.82902,72.32,6.56,3.64,2.27,3.11,86.46,56.41,40737.03,21376.37,3.5,377600.0,83.18,90.98,0.0191,-0.3014,0.549,-0.6426
Morowali,72.06,Sulawesi Tengah,-3.14546,122.4365,73.54,11.55,1.76,6.68,2.84,85.2,30.82,173858.99,98808.77,13.99,173310.0,75.16,88.92,1.5201,0.668,0.5969,4.7093
Poso,72.02,Sulawesi Tengah,-1.68305,120.47494,72.87,14.23,1.3,2.53,1.77,82.17,54.34,12738.41,7289.29,3.64,254060.0,92.08,95.18,-0.2744,-0.8762,0.0411,-0.1086
Donggala,72.03,Sulawesi Tengah,-0.35511,119.81499,67.45,15.3,1.88,4.4,2.79,85.01,50.77,16527.22,9639.06,3.63,311000.0,65.14,89.41,-1.0966,0.0835,-0.6168,-0.0132
Toli-Toli,72.04,Sulawesi Tengah,0.99099,120.64462,68.37,12.45,2.86,3.57,3.11,87.54,49.58,11074.94,6403.5,3.21,233900.0,67.4,73.05,-1.3399,0.1698,-0.4335,-0.4438
Buol,72.05,Sulawesi Tengah,1.02784,121.70065,70.28,13.08,2.1,4.85,3.13,85.95,54.36,7791.0,4470.82,3.2,152360.0,76.52,80.61,-1.0226,-0.2586,-0.2122,-0.4562
Parigi Moutong,72.08,Sulawesi Tengah,-0.13431,120.41304,67.49,14.2,1.82,2.55,2.1,88.91,59.79,23475.94,12926.58,3.46,459780.0,69.14,81.69,-1.5575,0.6317,0.4853,-0.4963
Tojo Una-Una,72.09,Sulawesi Tengah,-0.45992,121.92116,66.97,16.36,1.91,3.34,2.47,88.83,60.41,7354.21,4300.77,3.56,170820.0,71.02,95.08,-1.5483,0.123,0.5119,-0.3572
Sigi,72.10,Sulawesi Tengah,-1.38874,119.9604,70.51,12.06,2.19,3.05,2.55,86.93,64.43,12562.35,7146.19,3.38,269960.0,72.2,78.34,-1.3938,0.1774,0.4236,-0.5945
Banggai Laut,72.11,Sulawesi Tengah,-1.90379,123.52934,67.43,13.78,0.98,7.92,3.6,85.2,52.51,3223.42,1877.36,3.4,74020.0,68.78,85.95,-1.1606,-0.2553,-0.6433,-0.1955
Morowali Utara,72.12,Sulawesi Tengah,-1.88594,121.46538,70.58,11.95,2.33,2.45,2.38,84.72,54.5,30233.51,17073.22,12.3,127860.0,89.92,84.58,-0.2628,-0.5325,1.4599,3.5948
Kota Palu,72.71,Sulawesi Tengah,-0.80687,119.89163,82.88,5.94,5.76,5.43,5.63,83.4,57.72,32918.74,18768.75,4.41,392510.0,89.49,99.25,1.552,-1.2344,0.2372,-0.2963
Kepulauan Selayar,73.01,Sulawesi Selatan,-6.81814,120.88184,70.03,10.79,1.91,2.25,2.05,79.84,55.25,8340.51,4182.33,3.23,142700.0,89.39,95.23,-0.3106,-1.0686,-0.3758,-0.2148
Bulukumba,73.02,Sulawesi Selatan,-5.45622,120.27399,71.97,6.71,2.64,1.68,2.23,84.85,60.79,20224.35,10189.82,4.4,454720.0,88.66,86.77,-0.2721,-0.4711,0.8414,-0.2393
Bantaeng,73.03,Sulawesi Selatan,-5.49701,119.98488,71.48,8.26,2.41,2.76,2.57,88.05,69.11,13451.36,7823.49,4.18,205420.0,77.94,97.02,-0.7962,-0.2805,1.3735,-0.5021
Jeneponto,73.04,Sulawesi Selatan,-5.56475,119.69533,66.38,11.82,2.91,1.75,2.47,85.1,50.51,13058.6,7916.71,5.69,418970.0,87.2,97.43,-0.39,-0.5025,0.3909,0.7167
Takalar,73.05,Sulawesi Selatan,-5.46151,119.33061,69.47,7.75,3.87,3.8,3.84,85.3,44.93,13428.24,7832.92,4.16,317020.0,96.25,98.34,0.4568,-1.1053,0.0938,-0.1042
Gowa,73.06,Sulawesi Selatan,-5.30984,119.62199,72.26,6.85,4.24,3.44,3.91,86.57,59.5,30748.66,17547.0,5.11,814040.0,98.42,94.88,0.5989,-0.4276,1.1316,-0.0751
Sinjai,73.07,Sulawesi Selatan,-5.13797,120.25138,69.52,7.82,1.52,1.53,1.52,84.36,61.79,15974.81,8833.99,4.92,270430.0,86.14,90.69,-0.6544,-0.5042,0.9145,0.1123
Maros,73.09,Sulawesi Selatan,-4.97827,119.67832,72.11,9.32,4.43,4.19,4.34,79.4,43.88,28624.64,14749.01,3.65,413590.0,94.68,91.34,0.8696,-1.1464,-1.1087,0.0224
Pangkajene Dan Kepulauan,73.10,Sulawesi Selatan,-6.13718,118.63287,71.22,12.41,4.88,2.77,3.99,84.96,58.16,34607.22,20197.59,4.76,359160.0,94.51,95.07,0.1376,-0.4943,0.432,0.136
Barru,73.11,Sulawesi Selatan,-4.36728,119.66448,73.06,8.31,6.48,6.29,6.42,78.57,41.26,9891.14,5788.38,4.7,189210.0,96.21,98.26,1.4282,-1.8367,-1.4474,0.5345
Bone,73.08,Sulawesi Selatan,-4.71384,120.13425,68.36,9.58,1.66,3.3,2.28,82.44,47.12,50023.54,26830.37,5.27,830120.0,97.54,91.8,0.4943,-0.3118,0.1312,0.5547
Soppeng,73.12,Sulawesi Selatan,-4.31723,119.87705,71.39,6.9,2.96,3.93,3.33,81.41,45.23,16099.18,8660.66,3.9,239360.0,95.44,95.09,0.5875,-1.3447,-0.4001,-0.0475
Wajo,73.13,Sulawesi Selatan,-3.99671,120.20817,71.52,6.47,1.23,3.95,2.31,84.58,52.19,25954.22,14727.12,4.32,389050.0,95.93,91.39,0.2028,-0.8019,0.6164,-0.1606
Sidenreng Rappang,73.14,Sulawesi Selatan,-3.79708,119.98034,73.21,5.02,2.07,5.0,3.02,83.97,39.21,19614.67,9990.29,3.89,330740.0,98.32,96.78,0.9304,-1.4186,-0.0109,-0.2221
Pinrang,73.15,Sulawesi Selatan,-3.6391,119.56692,73.55,8.55,1.91,5.17,3.12,82.58,46.53,26653.4,15210.21,5.4,424650.0,92.74,90.47,0.5851,-0.9397,-0.0165,0.5492
Enrekang,73.16,Sulawesi Selatan,-3.50619,119.86911,74.61,11.25,1.21,1.9,1.51,85.25,65.17,10477.89,5423.7,4.43,238100.0,96.63,83.34,-0.6607,-0.6325,1.2065,-0.2183
Luwu,73.17,Sulawesi Selatan,-3.13439,120.17168,72.79,11.7,3.68,4.84,4.14,81.73,54.78,22952.23,12176.49,4.17,384280.0,92.91,82.05,0.115,-0.683,-0.4226,0.0436
Tana Toraja,73.18,Sulawesi Selatan,-3.12281,119.70931,71.67,10.79,5.3,2.36,3.98,80.71,71.72,10158.53,5480.43,4.94,292420.0,90.74,66.5,-0.8129,-0.3484,0.0385,0.2125
Luwu Utara,73.22,Sulawesi Selatan,-2.43866,120.18305,72.07,11.24,1.67,3.54,2.39,84.96,53.34,19688.66,9732.44,4.12,337660.0,97.14,88.12,-0.1533,-0.712,0.4884,-0.1515
Luwu Timur,73.24,Sulawesi Selatan,-2.60407,121.0776,74.95,6.55,4.33,5.0,4.58,86.06,53.55,30397.98,18517.49,3.18,312730.0,89.65,88.27,0.4918,-0.7108,0.1803,-0.7929
Toraja Utara,73.26,Sulawesi Selatan,-2.89317,119.87369,71.85,10.73,2.7,2.11,2.44,78.75,66.07,13257.86,6124.34,4.29,277790.0,92.86,70.34,-0.7166,-0.5845,-0.1849,0.1047
Kota Makassar,73.71,Sulawesi Selatan,-5.09963,119.35922,83.9,4.97,7.24,13.67,9.71,77.44,47.06,243070.29,147993.2,5.27,1464640.0,93.92,98.57,4.9935,0.9383,-1.5103,0.4915
Kota Parepare,73.72,Sulawesi Selatan,-4.0215,119.66499,79.64,5.27,5.88,4.34,5.23,81.42,58.3,9972.13,5969.77,4.84,160920.0,96.7,99.53,1.2661,-1.747,0.1895,0.0161
Kota Palopo,73.73,Sulawesi Selatan,-2.98331,120.16522,79.94,7.35,7.05,8.55,7.64,80.45,52.02,11083.92,6650.07,4.22,195670.0,96.57,99.26,1.7938,-1.8774,-0.8497,-0.0703
Buton,74.04,Sulawesi Tenggara,-5.30168,122.89503,68.88,13.99,3.88,1.61,2.95,81.17,57.19,5297.27,3200.92,3.1,122030.0,81.22,97.21,-0.6258,-0.7651,-0.5778,-0.2245
Muna,74.03,Sulawesi Tenggara,-4.81013,122.69042,71.05,13.78,3.42,4.2,3.78,78.23,62.68,9489.41,5938.74,4.85,227980.0,85.32,97.66,-0.1247,-0.9265,-0.5544,0.5816
Konawe,74.02,Sulawesi Tenggara,-3.60707,122.01001,73.39,13.25,2.42,3.91,2.95,84.67,50.13,20747.72,12573.86,10.57,274070.0,90.7,86.53,0.0741,-0.7104,0.9634,2.8569
Kolaka,74.01,Sulawesi Tenggara,-4.09215,121.47963,75.18,11.67,0.64,5.07,2.59,91.12,74.58,38163.39,21452.48,4.82,248760.0,94.03,93.67,-0.5688,-0.0301,2.3734,-0.4713
Konawe Selatan,74.05,Sulawesi Tenggara,-4.25441,122.62145,71.19,11.2,2.21,3.75,2.76,88.63,51.12,17760.39,10172.3,5.33,329210.0,93.45,91.82,-0.2076,-0.5501,1.0056,0.2381
Bombana,74.06,Sulawesi Tenggara,-4.97348,121.89395,68.15,10.54,1.16,1.85,1.43,87.13,56.64,9155.32,5609.73,4.8,160650.0,87.47,96.88,-0.8166,-0.5599,1.0771,0.0838
Wakatobi,74.07,Sulawesi Tenggara,-5.4937,123.80087,72.02,14.36,2.91,3.16,3.02,83.86,61.69,6139.54,3692.07,4.55,118260.0,87.04,99.19,-0.4651,-0.801,0.3915,0.1512
Kolaka Utara,74.08,Sulawesi Tenggara,-3.09665,121.09574,71.7,13.51,0.56,3.08,1.64,91.64,71.07,12280.7,7320.44,3.82,148500.0,92.38,94.08,-1.2513,-0.1374,2.1703,-0.7818
Buton Utara,74.10,Sulawesi Tenggara,-4.75018,123.0831,70.6,14.09,2.17,2.07,2.13,87.13,76.31,4274.35,2613.28,3.55,69800.0,72.91,91.92,-1.694,0.0235,1.1164,-0.603
Konawe Utara,74.09,Sulawesi Tenggara,-3.47911,122.2678,72.32,13.17,1.22,4.03,2.4,87.92,67.75,5707.11,3451.27,5.42,73830.0,84.58,85.87,-1.165,-0.3046,1.3422,0.1953
Kolaka Timur,74.11,Sulawesi Tenggara,-3.80405,121.60917,70.27,13.71,1.54,3.14,2.15,86.19,57.02,6137.26,3753.74,3.06,127550.0,94.72,96.35,-0.6496,-0.765,0.6094,-0.6063
Konawe Kepulauan,74.12,Sulawesi Tenggara,-4.11785,123.05987,67.99,15.54,0.24,3.13,1.51,89.62,72.73,1972.34,1217.96,6.68,39690.0,74.55,96.42,-1.8592,0.0798,1.9018,0.7844
Muna Barat,74.13,Sulawesi Tenggara,-4.74192,122.37499,68.06,13.38,0.89,3.57,2.06,84.53,63.43,3541.18,2176.86,2.98,90960.0,74.6,95.52,-1.2962,-0.3326,0.1884,-0.528
Buton Tengah,74.14,Sulawesi Tenggara,-5.36452,122.37851,66.47,14.4,4.14,1.0,2.84,79.35,56.57,3170.06,1955.26,3.21,121290.0,87.71,97.67,-0.6086,-0.9196,-0.7696,-0.0396
Buton Selatan,74.15,Sulawesi Tenggara,-5.64682,122.57199,67.0,14.28,3.12,3.9,3.48,87.79,75.99,3826.6,2320.67,4.62,101190.0,84.32,99.46,-1.314,-0.1811,1.3238,-0.1448
Kota Kendari,74.71,Sulawesi Tenggara,-3.98336,122.55502,85.33,4.23,5.04,6.61,5.67,81.25,55.49,30020.83,19499.41,4.59,370760.0,98.32,99.7,2.1097,-1.7266,0.1343,-0.1883
Kota Baubau,74.72,Sulawesi Tenggara,-5.39088,122.6514,78.13,7.4,3.58,4.56,3.99,80.51,58.12,12204.79,7773.88,4.17,168540.0,96.43,100.0,0.9092,-1.5973,0.082,-0.1337
Boalemo,75.02,Gorontalo,0.53788,122.37668,68.74,17.83,2.51,3.96,3.06,84.4,54.18,6983.83,3977.46,3.43,153274.0,73.11,95.37,-1.0173,-0.3075,-0.5127,-0.0706
Gorontalo,75.71,Gorontalo,0.53473,123.05388,69.66,16.43,2.19,3.34,2.64,86.05,56.83,17093.63,10272.82,3.95,409509.0,82.32,96.2,-0.7162,-0.1589,0.2813,-0.0831
Pohuwato,75.04,Gorontalo,0.54612,121.6538,68.02,17.11,1.52,5.66,3.12,87.31,56.23,8580.97,5269.16,3.88,153770.0,82.04,96.2,-0.9968,-0.2846,0.2553,-0.1071
Bone Bolango,75.03,Gorontalo,0.55713,123.28296,72.38,14.8,2.96,5.05,3.76,85.14,52.56,6050.02,3653.05,4.02,170649.0,79.99,96.05,-0.3519,-0.6899,-0.1876,-0.0098
Gorontalo Utara,75.05,Gorontalo,0.91625,122.73582,67.46,16.86,2.68,2.97,2.79,83.16,56.14,4414.81,2668.73,4.01,132784.0,84.07,90.71,-1.0097,-0.4933,-0.3101,0.1782
Kota Gorontalo,75.71,Gorontalo,0.53473,123.05388,79.18,5.74,4.24,3.38,3.89,79.75,53.75,11245.98,7210.47,4.18,207808.0,93.89,99.37,1.1362,-1.7259,-0.1567,-0.0912
Majene,76.05,Sulawesi Barat,-3.26434,118.92821,69.42,13.64,3.33,5.63,4.19,80.13,47.42,6494.19,4083.01,5.02,183870.0,84.52,98.5,0.1169,-1.1007,-0.9793,0.7798
Polewali Mandar,76.04,Sulawesi Barat,-3.37015,119.26029,66.22,15.66,2.85,3.45,3.1,83.99,57.47,17773.05,10804.81,5.62,501320.0,87.73,83.6,-0.8316,-0.0264,0.0857,0.7605
Mamasa,76.03,Sulawesi Barat,-2.97677,119.3297,68.37,14.2,2.05,3.15,2.5,86.93,63.75,3784.24,2452.48,3.21,172920.0,67.57,36.7,-2.7393,0.8993,-0.3105,-0.5587
Mamuju,76.02,Sulawesi Barat,-2.58435,118.64965,70.4,7.15,1.7,4.36,2.77,88.45,61.92,16034.1,9581.72,6.14,297140.0,81.46,84.36,-0.7093,-0.1833,1.3472,0.3973
Mamuju Utara,76.01,Sulawesi Barat,-1.4254,119.53019,69.73,5.21,1.01,1.53,1.2,88.81,54.11,15588.28,7942.12,0.74,202860.0,83.63,87.28,-0.8659,-0.3923,0.7233,-1.9699
Mamuju Tengah,76.06,Sulawesi Barat,-1.99492,119.41633,68.36,7.72,0.18,4.75,1.7,89.21,47.53,4560.03,2471.17,2.97,145120.0,82.89,81.48,-1.0086,-0.4288,0.5418,-0.8117
Maluku Tenggara Barat,81.03,Maluku,-7.46565,131.21877,64.83,23.66,4.6,3.72,4.24,73.88,51.95,3618.17,2019.45,4.41,130487.0,89.21,92.89,-0.589,-0.928,-2.2749,1.1684
Maluku Tenggara,81.02,Maluku,-5.7187,132.76359,68.24,21.22,5.8,5.54,5.68,72.29,62.98,4408.47,2375.56,5.16,126245.0,76.42,93.48,-0.4058,-0.8477,-2.3228,1.3644
Maluku Tengah,81.01,Maluku,-3.8508,129.11828,73.21,17.67,7.39,5.32,6.5,74.52,57.48,11454.45,6973.51,5.01,440848.0,81.6,93.4,0.5428,-0.9581,-2.0361,1.0028
Buru,81.04,Maluku,-3.3945,126.82302,71.01,16.08,4.72,4.55,4.66,86.05,58.34,3167.11,1841.88,4.19,142304.0,74.6,91.55,-0.7615,-0.3641,-0.2051,0.0167
Kepulauan Aru,81.07,Maluku,-6.17491,134.53768,65.83,23.39,0.94,3.73,1.83,81.54,40.89,4761.49,2755.77,5.17,109159.0,42.01,83.85,-2.0013,0.3393,-1.9829,1.385
Seram Bagian Barat,81.06,Maluku,-3.1328,128.00263,68.39,22.31,5.87,2.73,4.52,78.11,60.95,4077.23,2370.29,5.32,226044.0,73.18,93.58,-0.8611,-0.3896,-1.3756,1.1688
Seram Bagian Timur,81.05,Maluku,-3.93426,131.08535,66.24,21.03,2.24,4.71,3.24,71.34,50.33,3683.51,2203.64,3.46,147139.0,76.11,80.48,-0.917,-0.7309,-2.9297,0.8518
Maluku Barat Daya,81.08,Maluku,-7.88548,128.08275,64.86,27.95,1.71,3.27,2.36,81.34,59.96,3197.15,1863.84,6.28,87197.0,86.63,96.14,-1.5841,-0.2576,-0.3682,1.627
Buru Selatan,81.09,Maluku,-3.60065,126.53383,67.09,14.91,0.87,1.94,1.35,77.47,66.41,1886.86,1069.47,4.73,80842.0,65.84,84.81,-1.6658,-0.2572,-0.7162,0.7058
Kota Ambon,81.71,Maluku,-3.67047,128.19554,82.56,5.13,9.92,13.45,11.44,76.29,56.95,19835.88,12341.94,5.63,362639.0,91.01,98.22,2.8365,-1.9918,-1.7819,0.6165
Kota Tual,81.72,Maluku,-5.56276,132.41024,70.21,20.01,9.56,7.17,8.68,77.53,44.42,3417.23,1821.2,4.7,92744.0,79.81,95.56,0.5945,-1.2131,-2.7754,1.0248
Halmahera Barat,82.01,Maluku Utara,1.3382,127.56109,67.53,8.75,2.83,4.59,3.53,81.3,56.71,2943.43,1729.57,5.59,137800.0,80.66,93.86,-0.3754,-0.8823,-0.2025,0.7382
Halmahera Tengah,82.02,Maluku Utara,0.2516,128.61632,68.45,10.71,3.8,2.68,3.43,89.94,49.51,32880.44,18207.19,15.6,61800.0,82.69,89.34,-0.2034,-0.3282,2.2307,4.8679
Kepulauan Sula,82.05,Maluku Utara,-1.86835,125.88883,65.99,7.96,2.08,3.45,2.57,80.38,46.46,3383.2,1891.21,6.49,109300.0,83.72,85.2,-0.4169,-0.9866,-0.4723,1.3166
Halmahera Selatan,82.04,Maluku Utara,-0.62335,127.72314,66.66,5.63,2.26,1.6,2.0,85.31,63.33,22027.8,13172.57,20.81,264900.0,77.43,84.34,-0.4817,-0.2397,3.1583,7.1318
Halmahera Utara,82.03,Maluku Utara,1.85199,127.83723,69.78,4.71,6.02,6.46,6.2,81.74,59.19,7171.33,4105.58,1.69,207700.0,70.19,89.5,-0.0156,-0.7244,-1.1903,-1.193
Halmahera Timur,82.06,Maluku Utara,0.92465,128.35059,69.58,11.91,4.39,4.18,4.32,86.74,50.93,5458.08,3360.45,3.47,98200.0,82.26,71.17,-0.8966,-0.3458,-0.3962,-0.386
Pulau Morotai,82.07,Maluku Utara,2.21425,128.31449,65.68,5.11,4.63,3.48,4.21,81.29,51.33,2026.08,1194.88,5.04,79700.0,70.06,87.62,-0.4475,-0.7903,-0.8189,0.523
Pulau Taliabu,82.08,Maluku Utara,-1.77835,124.53286,62.9,7.13,2.07,4.33,2.86,81.75,48.02,2103.76,1246.02,4.32,61400.0,67.09,85.77,-1.0132,-0.5314,-0.9365,0.3424
Kota Ternate,82.71,Maluku Utara,0.89871,126.97668,82.12,3.14,6.77,5.9,6.42,75.48,51.59,15199.72,8835.84,8.13,214400.0,98.53,97.91,2.3284,-2.3216,-0.5631,1.7896
Kota Tidore Kepulauan,82.72,Maluku Utara,0.51868,127.60281,72.91,6.56,2.73,4.74,3.49,85.74,53.14,3856.11,2317.09,6.12,120400.0,92.16,93.42,0.1735,-1.1886,0.8124,0.5756
Fakfak,92.03,Papua Barat,-2.97739,132.48817,70.39,20.86,4.78,8.63,6.28,73.42,49.0,6310.53,3717.4,3.05,90171.0,75.07,95.43,0.1082,-1.1159,-3.0976,0.5112
Kaimana,92.08,Papua Barat,-3.81024,134.10061,67.6,14.41,4.1,6.32,4.96,79.14,53.94,3095.88,1829.57,2.09,66655.0,80.64,85.15,-0.5653,-0.7818,-1.7508,-0.4874
Teluk Wondama,92.07,Papua Barat,-2.27232,134.30782,62.36,28.47,2.61,2.07,2.39,79.5,64.84,1856.1,1088.51,3.54,45561.0,61.17,30.49,-3.8322,1.318,-2.167,0.5686
Teluk Bintuni,92.06,Papua Barat,-2.29432,133.64643,66.75,26.99,3.54,2.31,3.16,81.7,52.88,52360.36,35029.08,22.61,91064.0,75.77,89.9,-0.5516,0.2131,1.4592,8.9872
Manokwari,92.02,Papua Barat,-0.90953,133.88016,73.83,18.45,5.61,4.93,5.34,81.74,58.51,11325.86,7028.07,2.88,204955.0,89.13,84.4,-0.2392,-0.6542,-0.9923,-0.3599
Manokwari Selatan,92.11,Papua Barat,-1.54906,133.97844,62.45,26.83,2.07,3.12,2.54,87.77,74.15,1018.12,652.59,6.54,38820.0,91.74,83.12,-2.5326,0.4122,1.1088,1.1691
Pegunungan Arfak,92.12,Papua Barat,-1.26925,133.73071,58.73,31.76,0.59,0.0,0.31,94.55,89.75,359.21,217.67,9.79,41470.0,49.9,72.5,-4.9694,2.3057,2.4746,2.4002
Raja Ampat,96.03,Papua Barat Daya,-1.16867,130.42542,65.86,15.83,3.44,6.28,4.39,80.42,45.15,4103.89,2879.52,0.41,70061.0,65.37,88.48,-0.9165,-0.466,-2.3987,-1.0572
Sorong,96.71,Papua Barat Daya,-0.89599,131.27224,68.29,25.71,4.11,4.24,4.15,84.46,53.71,12455.03,9473.72,4.81,123136.0,86.48,88.89,-1.0486,-0.1831,-0.6511,0.7493
Sorong Selatan,96.02,Papua Barat Daya,-1.65575,132.16517,64.5,17.83,3.32,2.08,2.81,78.86,59.46,2335.27,1477.86,2.86,56292.0,43.19,57.76,-2.6809,0.6944,-2.2633,0.091
Maybrat,96.05,Papua Barat Daya,-1.39391,132.49728,61.83,29.18,2.69,4.5,3.56,83.86,78.51,863.41,506.67,3.33,47542.0,67.29,45.05,-3.8269,1.4309,-0.9807,0.0563
Tambrauw,96.04,Papua Barat Daya,-0.7954,132.65289,56.32,29.88,1.32,1.78,1.52,87.47,71.13,304.95,173.48,8.69,31354.0,85.56,57.96,-3.7656,1.1719,0.8181,2.3892
Kota Sorong,96.71,Papua Barat Daya,-0.89599,131.27224,79.93,13.67,3.05,2.39,2.74,76.23,50.71,17135.37,10525.31,2.57,298742.0,83.69,88.99,0.4676,-1.2083,-1.4063,-0.3032
Jayapura,91.71,Papua,-2.61864,140.7531,74.11,11.6,6.02,7.02,6.39,77.0,51.68,20429.12,11251.89,3.63,173300.0,70.53,81.58,0.3419,-0.8306,-2.2045,0.1927
Kepulauan Yapen,91.05,Papua,-1.72471,135.83358,69.65,25.69,3.39,7.5,5.0,79.16,54.83,5274.71,3198.82,3.5,118600.0,57.14,76.77,-1.5054,0.136,-2.4405,0.5306
Biak Numfor,91.06,Papua,-1.11002,135.77769,73.98,23.46,7.59,5.93,6.86,80.65,67.13,6557.13,3695.62,2.23,141100.0,93.89,87.17,-0.3203,-0.6823,-1.2695,-0.5654
Sarmi,91.10,Papua,-2.51414,138.99442,66.72,14.05,2.4,0.89,1.92,73.69,47.53,3824.65,2058.5,4.09,43100.0,88.45,90.28,-0.4017,-1.3113,-1.7241,0.7835
Keerom,91.11,Papua,-3.57088,140.55107,68.68,15.84,3.46,2.07,2.91,89.21,67.15,3617.58,2217.27,3.11,64200.0,81.99,60.69,-2.1812,0.3889,0.5592,-0.7642
Waropen,91.15,Papua,-2.80883,136.77995,66.92,29.85,2.97,3.54,3.21,85.34,71.19,2451.54,1583.01,2.95,35800.0,78.31,93.47,-2.2033,0.2899,-0.2042,-0.1722
Supiori,91.19,Papua,-0.65079,135.42371,65.15,37.72,6.5,4.3,5.6,74.61,56.34,1245.82,845.73,3.13,24500.0,79.06,68.84,-1.9676,0.0666,-3.4438,0.9656
Mamberamo Raya,91.20,Papua,-2.56017,138.06017,55.0,30.29,1.51,0.0,1.05,73.03,35.33,2305.49,1136.71,3.8,39400.0,43.19,62.23,-3.1909,0.6952,-4.2314,1.7068
Kota Jayapura,91.71,Papua,-2.61864,140.7531,81.67,10.72,6.71,10.88,8.29,78.57,55.29,39890.97,25656.87,3.44,420600.0,88.12,96.86,1.9464,-1.2279,-1.5034,-0.2551
Merauke,93.01,Papua Selatan,-7.74277,139.42409,72.73,10.19,4.68,5.67,5.07,84.72,61.17,20190.78,11855.78,4.64,42760.0,82.05,75.52,-0.4446,-0.432,-0.0885,0.0265
Boven Digoel,93.02,Papua Selatan,-6.35667,140.48508,64.26,19.24,2.97,3.71,3.26,80.89,61.59,5784.87,3460.74,3.6,45810.0,73.45,67.26,-2.0389,0.1822,-1.2145,0.2139
Mappi,93.03,Papua Selatan,-6.63318,139.16669,61.51,25.7,3.38,5.4,4.1,75.57,45.54,3828.53,2110.32,2.94,51330.0,39.08,38.55,-3.0174,0.9947,-4.2102,0.7945
Asmat,93.04,Papua Selatan,-5.08213,138.43165,53.92,24.5,1.15,3.26,2.05,84.78,70.14,3392.02,1811.49,5.36,49820.0,20.32,98.53,-3.7719,1.5807,-0.8814,1.2145
Mimika,94.04,Papua Tengah,-4.55572,136.48781,76.85,14.18,5.25,10.02,6.7,85.54,47.38,146297.59,90791.54,4.58,327780.0,86.27,95.88,1.8016,0.4615,-0.5655,0.2273
Dogiyai,94.06,Papua Tengah,-4.01935,135.49784,57.68,30.03,4.71,1.71,3.27,93.58,92.75,1646.91,952.42,1.79,125180.0,17.89,70.66,-5.3073,2.9674,0.0888,-1.0806
Deiyai,94.08,Papua Tengah,-4.19726,136.47759,52.07,39.01,1.82,1.34,1.66,72.41,41.31,1767.09,914.77,2.69,106500.0,26.48,89.6,-3.5159,1.0672,-4.7662,1.5554
Nabire,94.01,Papua Tengah,-3.13443,135.3818,71.77,24.0,3.88,4.45,4.1,83.59,57.71,14941.18,8422.35,3.7,175360.0,93.23,87.49,-0.733,-0.3979,-0.5195,0.1102
Paniai,94.03,Papua Tengah,-3.83816,136.56303,58.69,37.07,2.4,0.89,1.92,86.8,48.63,5338.66,3348.49,2.31,236530.0,31.71,90.45,-3.5977,1.6493,-2.1008,0.2763
Intan Jaya,94.07,Papua Tengah,-3.4291,136.83102,50.71,41.42,1.87,3.25,2.4,79.01,55.03,1465.43,820.83,1.7,143850.0,23.54,90.15,-4.2957,1.8231,-3.6863,0.6593
Puncak,94.05,Papua Tengah,-3.55597,137.38882,45.6,37.49,0.0,0.0,0.0,88.62,83.77,1772.12,897.25,2.08,122590.0,0.0,30.09,-7.7573,4.3024,-1.6574,-0.073
Puncak Jaya,94.02,Papua Tengah,-3.37153,137.93333,51.78,35.94,0.3,0.62,0.43,86.32,63.37,1663.89,1060.27,3.48,236530.0,9.64,88.9,-5.016,2.5191,-1.6581,0.7882
Nduga,95.08,Papua Pegunungan,-4.43126,138.4175,36.3,36.28,0.14,0.0,0.07,94.58,95.08,1629.54,904.37,3.44,113340.0,5.09,16.73,-9.0135,5.191,-0.3197,0.126
Jayawijaya,95.01,Papua Pegunungan,-4.07529,138.83403,61.03,32.28,3.05,2.39,2.74,88.02,83.77,11448.0,5494.76,5.5,281090.0,33.5,47.45,-4.794,2.7173,-0.4099,0.9414
Lanny Jaya,95.07,Papua Pegunungan,-3.93759,138.38752,51.59,34.12,0.38,0.11,0.25,93.69,93.41,2493.09,1385.76,5.75,208540.0,3.07,0.0,-8.0912,4.8323,-0.0423,0.9112
Tolikara,95.04,Papua Pegunungan,-3.47703,138.46648,52.05,31.22,0.54,0.44,0.5,91.33,85.85,2175.55,1192.18,3.45,246380.0,0.0,18.37,-7.2892,4.2802,-0.8212,0.0394
Mamberamo Tengah,95.05,Papua Pegunungan,-3.56776,139.02644,50.72,35.27,0.81,0.23,0.54,91.94,88.97,1554.03,845.57,3.88,53630.0,0.0,0.0,-8.1516,4.6927,-0.949,0.3134
Yalimo,95.06,Papua Pegunungan,-3.81115,139.50789,51.85,30.02,0.35,0.52,0.43,83.09,84.36,1708.8,887.34,2.7,108340.0,31.4,44.58,-5.7967,2.7116,-1.271,0.0642
Yahukimo,95.03,Papua Pegunungan,-4.36105,139.56329,51.98,33.82,2.05,2.02,2.04,90.21,80.21,3157.26,1697.99,3.84,37240.0,7.36,46.74,-6.2767,3.4566,-1.1131,0.4404
Pegunungan Bintang,21.01,Kepulauan Riau,0.91876,105.20115,49.36,28.95,2.72,2.13,2.46,89.51,85.1,2527.83,1583.18,2.7,83330.0,12.38,78.31,-5.4668,2.8779,-0.686,-0.2136
